case_id,K,N,timing_min_period_ns,actual_period_ns,delta_S_ns,T_R_ns,availability,rho_Byte_per_s,tau_Byte_per_s,RI_star,U_star,v3_delta_S_ns,v3_T_R_ns
01_sram_acim,128,128,3.2788670599417897,5.0,2890.0,5120.0,1.0,44290657.43944637,3200000000.0,0.01384083044982699,1.7716262975778547,3210.0,5120.0
02_sram_dcim,128,16,2.6160692818051587,5.0,330.0,640.0,1.0,387878787.8787879,3200000000.0,0.12121212121212122,1.9393939393939394,330.0,640.0
03_nor_2d,128,128,9.700951561350758,10.0,7060.0,205612280.0,1.0,18130311.61473088,79683.95661971162,227.52775318696885,29123.552407932013,5290.0,205605800.0
04_nand_3d,4608,240,8.858794040111784,9.0,685710.0,1923285366.0,1.0,6720042.000262502,575016.073823753,11.686702870017939,2804.808688804305,674860.0,1916119720.0
05_rram,128,64,3.2164836619843276,5.0,4490.0,1911765.0,1.0,28507795.100222718,4285045.4946083855,6.652857043429845,425.78285077951,5130.0,1911760.0000000005
06_mram,256,32,10.657026966949758,11.0,1782.0,168960.0,1.0,143658810.325477,48484848.484848484,2.9629629629629632,94.81481481481481,810.0,107520.0
07_pcm,256,128,9.407240372889095,9.5,116755.0,4854272.0,1.0,2192625.5834867884,6750342.790844847,0.3248169243287225,41.57656631407649,102410.0,4766720.0
08_feram_hfo2,128,128,9.700951561350758,10.0,6100.0,174080.0,1.0,20983606.557377048,94117647.05882353,0.22295081967213115,28.537704918032787,4810.0,153600.0
09_gain_cell_edram,64,64,10.500414735024233,11.0,4246.0,25344.0,0.81663,12309072.067828543,131980606.06060605,0.09326424870466321,5.9689119170984455,3914.0,20480.0
10_fenor_3d,128,128,9.700951561350758,10.0,4500.0,337920.0,1.0,28444444.444444444,48484848.484848484,0.5866666666666667,75.09333333333333,2730.0,271360.0
