case_id,label,profile,K,N,rho_MB_per_s,tau_MB_per_s,sigma_MB_per_s,RI_star,U_star,B_S_Byte,B_R_Byte,delta_S_ns,T_R_ns,source_mapping,source_result
01_sram_acim,SRAM ACIM,short,128,128,83.11688311688312,7272.727272727272,10638.961038961039,0.011428571428571429,1.462857142857143,128,16384,1540,2252.8,01_sram_acim/data/results.json#/scenarios/0/mapping_interface,01_sram_acim/data/results.json#/scenarios/0
01_sram_acim,SRAM ACIM,reference,128,128,39.875389408099686,3200.0,5104.04984423676,0.012461059190031152,1.5950155763239875,128,16384,3210,5120.0,01_sram_acim/data/results.json#/scenarios/1/mapping_interface,01_sram_acim/data/results.json#/scenarios/1
01_sram_acim,SRAM ACIM,long,128,128,16.623376623376622,1600.0,2127.7922077922076,0.010389610389610388,1.3298701298701299,128,16384,7700,10240.0,01_sram_acim/data/results.json#/scenarios/2/mapping_interface,01_sram_acim/data/results.json#/scenarios/2
02_sram_dcim,SRAM DCIM,short,128,16,458.45272206303724,7272.727272727272,7335.243553008596,0.06303724928366762,1.0085959885386822,128,2048,279.2,281.6,02_sram_dcim/data/results.json#/scenarios/0/mapping_interface,02_sram_dcim/data/results.json#/scenarios/0
02_sram_dcim,SRAM DCIM,reference,128,16,387.8787878787879,3200.0,6206.060606060606,0.12121212121212122,1.9393939393939394,128,2048,330.0,640.0,02_sram_dcim/data/results.json#/scenarios/1/mapping_interface,02_sram_dcim/data/results.json#/scenarios/1
02_sram_dcim,SRAM DCIM,long,128,16,193.93939393939394,1600.0,3103.030303030303,0.12121212121212122,1.9393939393939394,128,2048,660.0,1280.0,02_sram_dcim/data/results.json#/scenarios/2/mapping_interface,02_sram_dcim/data/results.json#/scenarios/2
03_nor_2d,2D NOR,short,128,128,33.86243386243386,0.07968781675226233,4334.391534391534,424.9386574074074,54392.148148148146,128,16384,3780,205602320.0,03_nor_2d/data/results.json#/scenarios/0/mapping_interface,03_nor_2d/data/results.json#/scenarios/0
03_nor_2d,2D NOR,reference,128,128,24.19659735349716,0.0796864679887435,3097.1644612476366,303.64750708884685,38866.880907372404,128,16384,5290,205605800.0,03_nor_2d/data/results.json#/scenarios/1/mapping_interface,03_nor_2d/data/results.json#/scenarios/1
03_nor_2d,2D NOR,long,128,128,18.130311614730875,0.009142797959566778,2320.679886685552,1983.0156692634562,253826.0056657224,128,16384,7060,1792011600.0,03_nor_2d/data/results.json#/scenarios/2/mapping_interface,03_nor_2d/data/results.json#/scenarios/2
04_nand_3d,3D NAND,short,4608,240,8.419975514828147,0.5787818758981483,2020.7941235587552,14.547752556629574,3491.4606135910976,4608,1105920,547270,1910771650.0,04_nand_3d/data/results.json#/main_scenarios/0/mapping_interface,04_nand_3d/data/results.json#/main_scenarios/0
04_nand_3d,3D NAND,reference,4608,240,6.828082861630561,0.5771664413536749,1638.7398867913346,11.830353209060647,2839.2847701745545,4608,1105920,674860,1916119720.0,04_nand_3d/data/results.json#/main_scenarios/1/mapping_interface,04_nand_3d/data/results.json#/main_scenarios/1
04_nand_3d,3D NAND,long,4608,240,5.552409297393694,0.28153120113856805,1332.5782313744864,19.72218096942239,4733.323432661373,4608,1105920,829910,3928232450.0,04_nand_3d/data/results.json#/main_scenarios/2/mapping_interface,04_nand_3d/data/results.json#/main_scenarios/2
05_rram,RRAM,short,128,64,47.548291233283805,7.1114074197536,3043.0906389301635,6.68619985141159,427.9167904903417,128,8192,2692,1151952.0,05_rram/data/results.json#/scenarios/0/mapping_interface,05_rram/data/results.json#/scenarios/0
05_rram,RRAM,reference,128,64,24.951267056530217,4.285056701678035,1596.8810916179339,5.82285575048733,372.6627680311891,128,8192,5130,1911760.0,05_rram/data/results.json#/scenarios/1/mapping_interface,05_rram/data/results.json#/scenarios/1
05_rram,RRAM,long,128,64,11.743119266055047,1.678220823704869,751.559633027523,6.997362385321101,447.83119266055047,128,8192,10900,4881360.0,05_rram/data/results.json#/scenarios/2/mapping_interface,05_rram/data/results.json#/scenarios/2
06_mram,MRAM,short,256,32,752.9411764705882,133.33333333333331,24094.11764705882,5.647058823529412,180.7058823529412,256,8192,340,61440.0,06_mram/data/results.json#/scenarios/0/mapping_interface,06_mram/data/results.json#/scenarios/0
06_mram,MRAM,reference,256,32,316.04938271604937,76.19047619047619,10113.58024691358,4.148148148148148,132.74074074074073,256,8192,810,107520.0,06_mram/data/results.json#/scenarios/1/mapping_interface,06_mram/data/results.json#/scenarios/1
06_mram,MRAM,long,256,32,158.02469135802468,53.33333333333333,5056.79012345679,2.9629629629629632,94.81481481481481,256,8192,1620,153600.0,06_mram/data/results.json#/scenarios/2/mapping_interface,06_mram/data/results.json#/scenarios/2
07_pcm,PCM,short,256,128,5.207909512572218,7.972097658196313,666.612417609244,0.6532671494832777,83.61819513385954,256,32768,49156,4110336.0,07_pcm/data/results.json#/paired_scenarios/0/mapping_interface,07_pcm/data/results.json#/paired_scenarios/0
07_pcm,PCM,reference,256,128,2.4997558832145295,6.874328678839956,319.96875305145977,0.36363636363636365,46.54545454545455,256,32768,102410,4766720.0,07_pcm/data/results.json#/paired_scenarios/1/mapping_interface,07_pcm/data/results.json#/paired_scenarios/1
07_pcm,PCM,long,256,128,1.0415819025144437,4.945904173106645,133.3224835218488,0.21059484091463912,26.956139637073807,256,32768,245780,6625280.0,07_pcm/data/results.json#/paired_scenarios/2/mapping_interface,07_pcm/data/results.json#/paired_scenarios/2
08_feram_hfo2,HfO2 FeRAM,short,128,128,68.81720430107526,307.6923076923077,8808.602150537634,0.22365591397849463,28.627956989247313,128,16384,1860,53248.0,08_feram_hfo2/data/results.json#/paired/0/mapping_interface,08_feram_hfo2/data/results.json#/paired/0
08_feram_hfo2,HfO2 FeRAM,reference,128,128,26.611226611226606,106.66666666666666,3406.2370062370055,0.24948024948024947,31.933471933471935,128,16384,4810,153600.0,08_feram_hfo2/data/results.json#/paired/1/mapping_interface,08_feram_hfo2/data/results.json#/paired/1
08_feram_hfo2,HfO2 FeRAM,long,128,128,12.877263581488931,53.33333333333333,1648.2897384305832,0.24144869215291748,30.90543259557344,128,16384,9940,307200.0,08_feram_hfo2/data/results.json#/paired/2/mapping_interface,08_feram_hfo2/data/results.json#/paired/2
09_gain_cell_edram,Gain-cell eDRAM,short,64,64,33.182964705882355,198.63042253521127,2123.7097411764707,0.1670588235294118,10.691764705882353,64,4096,1928.7004813242231,20621.211734440636,09_gain_cell_edram/data/results.json#/scenarios/0/mapping_interface,09_gain_cell_edram/data/results.json#/scenarios/0
09_gain_cell_edram,Gain-cell eDRAM,reference,64,64,13.625671946857434,166.659,872.0430045988758,0.08175779253960143,5.232498722534491,64,4096,4697.016062738886,24577.130548005207,09_gain_cell_edram/data/results.json#/scenarios/1/mapping_interface,09_gain_cell_edram/data/results.json#/scenarios/1
09_gain_cell_edram,Gain-cell eDRAM,long,64,64,6.979506031016657,115.72685714285716,446.688385985066,0.060310166570936234,3.8598506605399194,64,4096,9169.703373789844,35393.68562427786,09_gain_cell_edram/data/results.json#/scenarios/2/mapping_interface,09_gain_cell_edram/data/results.json#/scenarios/2
10_fenor_3d,3D FeFET,short,128,128,104.91803278688523,81.21827411167513,13429.50819672131,1.2918032786885243,165.35081967213114,128,16384,1220,201728.0,10_fenor_3d/data/results.json#/main_scenarios/0/mapping_interface,10_fenor_3d/data/results.json#/main_scenarios/0
10_fenor_3d,3D FeFET,reference,128,128,46.88644688644688,60.37735849056604,6001.465201465201,0.7765567765567766,99.3992673992674,128,16384,2730,271360.0,10_fenor_3d/data/results.json#/main_scenarios/1/mapping_interface,10_fenor_3d/data/results.json#/main_scenarios/1
10_fenor_3d,3D FeFET,long,128,128,23.44322344322344,41.02564102564102,3000.7326007326005,0.5714285714285714,73.14285714285714,128,16384,5460,399360.0,10_fenor_3d/data/results.json#/main_scenarios/2/mapping_interface,10_fenor_3d/data/results.json#/main_scenarios/2
