profile,case_id,technology,K,N,rho,tau,RI_star,U_star,raw_delta_S_ns,raw_T_R_ns,effective_delta_S_ns,effective_T_R_ns,availability,result_path,input_path
optimistic,01_sram_acim,SRAM ACIM,128,128,56.888888888888886,3200.0,0.017777777777777778,2.2755555555555556,2250.0,5120.0,2250.0,5120.0,1.0,analysis/01_sram_acim/scenarios/optimistic/result.json,analysis/01_sram_acim/input.json
reference,01_sram_acim,SRAM ACIM,128,128,44.29065743944637,3200.0,0.01384083044982699,1.7716262975778547,2890.0,5120.0,2890.0,5120.0,1.0,analysis/01_sram_acim/scenarios/reference/result.json,analysis/01_sram_acim/input.json
pessimistic,01_sram_acim,SRAM ACIM,128,128,26.61122661122661,1600.0,0.016632016632016633,2.128898128898129,4810.0,10240.0,4810.0,10240.0,1.0,analysis/01_sram_acim/scenarios/pessimistic/result.json,analysis/01_sram_acim/input.json
optimistic,02_sram_dcim,SRAM DCIM,128,16,441.3793103448276,3200.0,0.13793103448275862,2.206896551724138,290.0,640.0,290.0,640.0,1.0,analysis/02_sram_dcim/scenarios/optimistic/result.json,analysis/02_sram_dcim/input.json
reference,02_sram_dcim,SRAM DCIM,128,16,387.8787878787879,3200.0,0.12121212121212122,1.9393939393939394,330.0,640.0,330.0,640.0,1.0,analysis/02_sram_dcim/scenarios/reference/result.json,analysis/02_sram_dcim/input.json
pessimistic,02_sram_dcim,SRAM DCIM,128,16,196.92307692307693,1600.0,0.12307692307692308,1.9692307692307693,650.0,1280.0,650.0,1280.0,1.0,analysis/02_sram_dcim/scenarios/pessimistic/result.json,analysis/02_sram_dcim/input.json
optimistic,03_nor_2d,2D NOR,128,128,23.45611141652923,0.07968485263321474,294.3609813084112,37678.20560747664,5457.0,205609968.0,5457.0,205609968.0,1.0,analysis/03_nor_2d/scenarios/optimistic/result.json,analysis/03_nor_2d/input.json
reference,03_nor_2d,2D NOR,128,128,20.404909931452256,0.07968485263321474,256.0701219512195,32776.9756097561,6273.0,205609968.0,6273.0,205609968.0,1.0,analysis/03_nor_2d/scenarios/reference/result.json,analysis/03_nor_2d/input.json
pessimistic,03_nor_2d,2D NOR,128,128,19.556913674560732,0.009142804469691212,2139.0497564935067,273798.36883116886,6545.0,1792010324.0,6545.0,1792010324.0,1.0,analysis/03_nor_2d/scenarios/pessimistic/result.json,analysis/03_nor_2d/input.json
optimistic,04_nand_3d,3D NAND,4608,240,7.917117674346684,0.5750164612968484,13.768506133704449,3304.4414720890677,582030.0,1923284070.0,582030.0,1923284070.0,1.0,analysis/04_nand_3d/scenarios/optimistic/result.json,analysis/04_nand_3d/input.json
reference,04_nand_3d,3D NAND,4608,240,6.720042000262501,0.5750160738237531,11.686702870017939,2804.808688804305,685710.0,1923285366.0,685710.0,1923285366.0,1.0,analysis/04_nand_3d/scenarios/reference/result.json,analysis/04_nand_3d/input.json
pessimistic,04_nand_3d,3D NAND,4608,240,5.837418766389238,0.28165769775542127,20.725223606202256,4974.053665488542,789390.0,3926468223.0,789390.0,3926468223.0,1.0,analysis/04_nand_3d/scenarios/pessimistic/result.json,analysis/04_nand_3d/input.json
optimistic,05_rram,RRAM,128,64,28.50779510022272,4.659403412080208,6.118335885300668,391.5734966592428,4490.0,1758165.0,4490.0,1758165.0,1.0,analysis/05_rram/scenarios/optimistic/result.json,analysis/05_rram/input.json
reference,05_rram,RRAM,128,64,28.50779510022272,4.285045494608386,6.652857043429845,425.78285077951,4490.0,1911765.0,4490.0,1911765.0,1.0,analysis/05_rram/scenarios/reference/result.json,analysis/05_rram/input.json
pessimistic,05_rram,RRAM,128,64,28.50779510022272,3.452803189796697,8.256420517817372,528.4109131403118,4490.0,2372565.0,4490.0,2372565.0,1.0,analysis/05_rram/scenarios/pessimistic/result.json,analysis/05_rram/input.json
optimistic,06_mram,MRAM,256,32,175.58299039780522,74.07407407407408,2.3703703703703702,75.85185185185185,1458.0,110592.0,1458.0,110592.0,1.0,analysis/06_mram/scenarios/optimistic/result.json,analysis/06_mram/input.json
reference,06_mram,MRAM,256,32,175.58299039780522,63.492063492063494,2.765432098765432,88.49382716049382,1458.0,129024.0,1458.0,129024.0,1.0,analysis/06_mram/scenarios/reference/result.json,analysis/06_mram/input.json
pessimistic,06_mram,MRAM,256,32,159.80024968789013,55.55555555555555,2.876404494382023,92.04494382022472,1602.0,147456.0,1602.0,147456.0,1.0,analysis/06_mram/scenarios/pessimistic/result.json,analysis/06_mram/input.json
optimistic,07_pcm,PCM,256,128,3.570930394755196,7.664670658682635,0.46589482494071693,59.634537592411775,71690.0,4275200.0,71690.0,4275200.0,1.0,analysis/07_pcm/scenarios/optimistic/result.json,analysis/07_pcm/input.json
reference,07_pcm,PCM,256,128,2.7774764023000977,6.994535519125683,0.39709232939134204,50.82781816209179,92170.0,4684800.0,92170.0,4684800.0,1.0,analysis/07_pcm/scenarios/reference/result.json,analysis/07_pcm/input.json
pessimistic,07_pcm,PCM,256,128,1.6665581667860165,5.541125541125542,0.3007616691621639,38.49749365275698,153610.0,5913600.0,153610.0,5913600.0,1.0,analysis/07_pcm/scenarios/pessimistic/result.json,analysis/07_pcm/input.json
optimistic,08_feram_hfo2,HfO2 FeRAM,128,128,36.025893611032934,235.2941176470588,0.15311004784688997,19.598086124401913,3553.0,69632.0,3553.0,69632.0,1.0,analysis/08_feram_hfo2/scenarios/optimistic/result.json,analysis/08_feram_hfo2/input.json
reference,08_feram_hfo2,HfO2 FeRAM,128,128,22.342468144527842,99.07120743034056,0.2255192878338279,28.86646884272997,5729.0,165376.0,5729.0,165376.0,1.0,analysis/08_feram_hfo2/scenarios/reference/result.json,analysis/08_feram_hfo2/input.json
pessimistic,08_feram_hfo2,HfO2 FeRAM,128,128,13.049240493424406,53.78151260504202,0.24263431542461006,31.057192374350088,9809.0,304640.0,9809.0,304640.0,1.0,analysis/08_feram_hfo2/scenarios/pessimistic/result.json,analysis/08_feram_hfo2/input.json
optimistic,09_gain_cell_edram,Gain-cell eDRAM,64,64,26.107455415911176,167.95796317569523,0.15544041450777202,9.94818652849741,2123.0,21120.0,2451.407039883145,24387.054490029215,0.8660332476246786,analysis/09_gain_cell_edram/scenarios/optimistic/result.json,analysis/09_gain_cell_edram/input.json
reference,09_gain_cell_edram,Gain-cell eDRAM,64,64,14.403377454801953,161.7979400756086,0.08902077151335312,5.6973293768546,3707.0,21120.0,4443.402264561427,25315.52625506807,0.8342706285148569,analysis/09_gain_cell_edram/scenarios/reference/result.json,analysis/09_gain_cell_edram/input.json
pessimistic,09_gain_cell_edram,Gain-cell eDRAM,64,64,9.621491382047985,136.11580455191415,0.07068607068607069,4.523908523908524,5291.0,23936.0,6651.775432591747,30092.023578627115,0.7954267328502482,analysis/09_gain_cell_edram/scenarios/pessimistic/result.json,analysis/09_gain_cell_edram/input.json
optimistic,10_fenor_3d,3D FeFET,128,128,42.53904951811233,60.72106261859582,0.7005649717514125,89.67231638418079,3009.0,269824.0,3009.0,269824.0,1.0,analysis/10_fenor_3d/scenarios/optimistic/result.json,analysis/10_fenor_3d/input.json
reference,10_fenor_3d,3D FeFET,128,128,36.025893611032934,53.78151260504202,0.6698564593301436,85.74162679425838,3553.0,304640.0,3553.0,304640.0,1.0,analysis/10_fenor_3d/scenarios/reference/result.json,analysis/10_fenor_3d/input.json
pessimistic,10_fenor_3d,3D FeFET,128,128,26.053327905556685,43.775649794801645,0.5951557093425605,76.17993079584775,4913.0,374272.0,4913.0,374272.0,1.0,analysis/10_fenor_3d/scenarios/pessimistic/result.json,analysis/10_fenor_3d/input.json
