profile,case_id,technology,K,N,rho,tau,RI_star,U_star,reference_service_status,workload_mapping_eligibility,nominal_diagnostic_level,source_result,source_mapping
short,01_sram_acim,SRAM ACIM,128,128,83.11688311688312,7272.727272727272,0.011428571428571429,1.462857142857143,approximate_signed_reference,True,ideal_calibrated_partial_sum_and_digital_reconstruction,01_sram_acim/data/results.json#/scenarios/0,01_sram_acim/data/results.json#/scenarios/0/mapping_interface
reference,01_sram_acim,SRAM ACIM,128,128,39.875389408099686,3200.0,0.012461059190031152,1.5950155763239875,approximate_signed_reference,True,ideal_calibrated_partial_sum_and_digital_reconstruction,01_sram_acim/data/results.json#/scenarios/1,01_sram_acim/data/results.json#/scenarios/1/mapping_interface
long,01_sram_acim,SRAM ACIM,128,128,16.623376623376622,1600.0,0.010389610389610388,1.3298701298701299,approximate_signed_reference,True,ideal_calibrated_partial_sum_and_digital_reconstruction,01_sram_acim/data/results.json#/scenarios/2,01_sram_acim/data/results.json#/scenarios/2/mapping_interface
short,02_sram_dcim,SRAM DCIM,128,16,458.45272206303724,7272.727272727272,0.06303724928366762,1.0085959885386822,declared_reference,True,,02_sram_dcim/data/results.json#/scenarios/0,02_sram_dcim/data/results.json#/scenarios/0/mapping_interface
reference,02_sram_dcim,SRAM DCIM,128,16,387.8787878787879,3200.0,0.12121212121212122,1.9393939393939394,declared_reference,True,,02_sram_dcim/data/results.json#/scenarios/1,02_sram_dcim/data/results.json#/scenarios/1/mapping_interface
long,02_sram_dcim,SRAM DCIM,128,16,193.93939393939394,1600.0,0.12121212121212122,1.9393939393939394,declared_reference,True,,02_sram_dcim/data/results.json#/scenarios/2,02_sram_dcim/data/results.json#/scenarios/2/mapping_interface
short,03_nor_2d,2D NOR Flash,128,128,33.86243386243386,0.07968781675226233,424.9386574074074,54392.148148148146,declared_reference,True,,03_nor_2d/data/results.json#/scenarios/0,03_nor_2d/data/results.json#/scenarios/0/mapping_interface
reference,03_nor_2d,2D NOR Flash,128,128,24.19659735349716,0.0796864679887435,303.64750708884685,38866.880907372404,declared_reference,True,,03_nor_2d/data/results.json#/scenarios/1,03_nor_2d/data/results.json#/scenarios/1/mapping_interface
long,03_nor_2d,2D NOR Flash,128,128,18.130311614730875,0.009142797959566778,1983.0156692634562,253826.0056657224,declared_reference,True,,03_nor_2d/data/results.json#/scenarios/2,03_nor_2d/data/results.json#/scenarios/2/mapping_interface
short,04_nand_3d,3D NAND,4608,240,8.419975514828147,0.5787818758981483,14.547752556629574,3491.4606135910976,approximate_signed_reference,True,declared_ideal_current_ADC_calibration_and_finite_reconstruction,04_nand_3d/data/results.json#/main_scenarios/0,04_nand_3d/data/results.json#/main_scenarios/0/mapping_interface
reference,04_nand_3d,3D NAND,4608,240,6.828082861630561,0.5771664413536749,11.830353209060647,2839.2847701745545,approximate_signed_reference,True,declared_ideal_current_ADC_calibration_and_finite_reconstruction,04_nand_3d/data/results.json#/main_scenarios/1,04_nand_3d/data/results.json#/main_scenarios/1/mapping_interface
long,04_nand_3d,3D NAND,4608,240,5.552409297393694,0.28153120113856805,19.72218096942239,4733.323432661373,approximate_signed_reference,True,declared_ideal_current_ADC_calibration_and_finite_reconstruction,04_nand_3d/data/results.json#/main_scenarios/2,04_nand_3d/data/results.json#/main_scenarios/2/mapping_interface
short,05_rram,RRAM,128,64,47.548291233283805,7.1114074197536,6.68619985141159,427.9167904903417,approximate_signed_reference,True,ideal_calibrated_partial_sum_and_digital_reconstruction,05_rram/data/results.json#/scenarios/0,05_rram/data/results.json#/scenarios/0/mapping_interface
reference,05_rram,RRAM,128,64,24.951267056530217,4.285056701678035,5.82285575048733,372.6627680311891,approximate_signed_reference,True,ideal_calibrated_partial_sum_and_digital_reconstruction,05_rram/data/results.json#/scenarios/1,05_rram/data/results.json#/scenarios/1/mapping_interface
long,05_rram,RRAM,128,64,11.743119266055047,1.678220823704869,6.997362385321101,447.83119266055047,approximate_signed_reference,True,ideal_calibrated_partial_sum_and_digital_reconstruction,05_rram/data/results.json#/scenarios/2,05_rram/data/results.json#/scenarios/2/mapping_interface
short,06_mram,MRAM,256,32,752.9411764705882,133.33333333333331,5.647058823529412,180.7058823529412,declared_reference,True,,06_mram/data/results.json#/scenarios/0,06_mram/data/results.json#/scenarios/0/mapping_interface
reference,06_mram,MRAM,256,32,316.04938271604937,76.19047619047619,4.148148148148148,132.74074074074073,declared_reference,True,,06_mram/data/results.json#/scenarios/1,06_mram/data/results.json#/scenarios/1/mapping_interface
long,06_mram,MRAM,256,32,158.02469135802468,53.33333333333333,2.9629629629629632,94.81481481481481,declared_reference,True,,06_mram/data/results.json#/scenarios/2,06_mram/data/results.json#/scenarios/2/mapping_interface
short,07_pcm,PCM,256,128,5.207909512572218,7.972097658196313,0.6532671494832777,83.61819513385954,approximate_signed_reference,True,ideal_calibrated_partial_sum_and_digital_reconstruction,07_pcm/data/results.json#/paired_scenarios/0,07_pcm/data/results.json#/paired_scenarios/0/mapping_interface
reference,07_pcm,PCM,256,128,2.4997558832145295,6.874328678839956,0.36363636363636365,46.54545454545455,approximate_signed_reference,True,ideal_calibrated_partial_sum_and_digital_reconstruction,07_pcm/data/results.json#/paired_scenarios/1,07_pcm/data/results.json#/paired_scenarios/1/mapping_interface
long,07_pcm,PCM,256,128,1.0415819025144437,4.945904173106645,0.21059484091463912,26.956139637073807,approximate_signed_reference,True,ideal_calibrated_partial_sum_and_digital_reconstruction,07_pcm/data/results.json#/paired_scenarios/2,07_pcm/data/results.json#/paired_scenarios/2/mapping_interface
short,08_feram_hfo2,HfO₂ FeRAM,128,128,68.81720430107526,307.6923076923077,0.22365591397849463,28.627956989247313,declared_reference,True,,08_feram_hfo2/data/results.json#/paired/0,08_feram_hfo2/data/results.json#/paired/0/mapping_interface
reference,08_feram_hfo2,HfO₂ FeRAM,128,128,26.611226611226606,106.66666666666666,0.24948024948024947,31.933471933471935,declared_reference,True,,08_feram_hfo2/data/results.json#/paired/1,08_feram_hfo2/data/results.json#/paired/1/mapping_interface
long,08_feram_hfo2,HfO₂ FeRAM,128,128,12.877263581488931,53.33333333333333,0.24144869215291748,30.90543259557344,declared_reference,True,,08_feram_hfo2/data/results.json#/paired/2,08_feram_hfo2/data/results.json#/paired/2/mapping_interface
short,09_gain_cell_edram,Gain-cell eDRAM,64,64,33.182964705882355,198.63042253521127,0.1670588235294118,10.691764705882353,approximate_signed_reference,True,declared_ideal_current_integration_ADC_and_finite_reconstruction,09_gain_cell_edram/data/results.json#/scenarios/0,09_gain_cell_edram/data/results.json#/scenarios/0/mapping_interface
reference,09_gain_cell_edram,Gain-cell eDRAM,64,64,13.625671946857434,166.659,0.08175779253960143,5.232498722534491,approximate_signed_reference,True,declared_ideal_current_integration_ADC_and_finite_reconstruction,09_gain_cell_edram/data/results.json#/scenarios/1,09_gain_cell_edram/data/results.json#/scenarios/1/mapping_interface
long,09_gain_cell_edram,Gain-cell eDRAM,64,64,6.979506031016657,115.72685714285716,0.060310166570936234,3.8598506605399194,approximate_signed_reference,True,declared_ideal_current_integration_ADC_and_finite_reconstruction,09_gain_cell_edram/data/results.json#/scenarios/2,09_gain_cell_edram/data/results.json#/scenarios/2/mapping_interface
short,10_fenor_3d,3D vertical AND FeFET (2026),128,128,104.91803278688523,81.21827411167513,1.2918032786885243,165.35081967213114,declared_reference,True,,10_fenor_3d/data/results.json#/main_scenarios/0,10_fenor_3d/data/results.json#/main_scenarios/0/mapping_interface
reference,10_fenor_3d,3D vertical AND FeFET (2026),128,128,46.88644688644688,60.37735849056604,0.7765567765567766,99.3992673992674,declared_reference,True,,10_fenor_3d/data/results.json#/main_scenarios/1,10_fenor_3d/data/results.json#/main_scenarios/1/mapping_interface
long,10_fenor_3d,3D vertical AND FeFET (2026),128,128,23.44322344322344,41.02564102564102,0.5714285714285714,73.14285714285714,declared_reference,True,,10_fenor_3d/data/results.json#/main_scenarios/2,10_fenor_3d/data/results.json#/main_scenarios/2/mapping_interface
