case_id,technology,profile,scenario_type,K,N,configuration,reference_service_status,workload_mapping_eligibility,nominal_diagnostic_level,quantization_induced_bias_assessed,rho_MB_per_s,tau_MB_per_s,RI_star,U_star,B_S_Byte,B_R_Byte,delta_S_ns,T_R_ns,availability,mode,update_pattern,source_mapping,source_result,source_ids
01_sram_acim,SRAM ACIM,short,paired_conditional,128,128,128×128 · 16 B groups,approximate_signed_reference,True,ideal_calibrated_partial_sum_and_digital_reconstruction,False,83.11688311688312,7272.727272727272,0.011428571428571429,1.462857142857143,128,16384,1540,2252.8,1,binary_charge_domain_approximate_BPBS,aligned 16 Byte update; 128 active binary write drivers; 1 complete write cycles per local transaction,01_sram_acim/data/results.json#/scenarios/0/mapping_interface,01_sram_acim/data/results.json#/scenarios/0,CMOS-02; CMOS-03; CMOS-07; SACIM-01; SACIM-03; SACIM-05
01_sram_acim,SRAM ACIM,reference,recommended_reference,128,128,128×128 · 16 B groups,approximate_signed_reference,True,ideal_calibrated_partial_sum_and_digital_reconstruction,False,39.875389408099686,3200.0,0.012461059190031152,1.5950155763239875,128,16384,3210,5120.0,1,binary_charge_domain_approximate_BPBS,aligned 16 Byte update; 128 active binary write drivers; 1 complete write cycles per local transaction,01_sram_acim/data/results.json#/scenarios/1/mapping_interface,01_sram_acim/data/results.json#/scenarios/1,CMOS-02; CMOS-03; CMOS-07; SACIM-01; SACIM-03; SACIM-05
01_sram_acim,SRAM ACIM,long,paired_conditional,128,128,128×128 · 16 B groups,approximate_signed_reference,True,ideal_calibrated_partial_sum_and_digital_reconstruction,False,16.623376623376622,1600.0,0.010389610389610388,1.3298701298701299,128,16384,7700,10240.0,1,binary_charge_domain_approximate_BPBS,aligned 16 Byte update; 128 active binary write drivers; 1 complete write cycles per local transaction,01_sram_acim/data/results.json#/scenarios/2/mapping_interface,01_sram_acim/data/results.json#/scenarios/2,CMOS-02; CMOS-03; CMOS-07; SACIM-01; SACIM-03; SACIM-05
02_sram_dcim,SRAM DCIM,short,paired_conditional,128,16,128×16 · 16 B groups,declared_reference,True,,,458.45272206303724,7272.727272727272,0.06303724928366762,1.0085959885386822,128,2048,279.2,281.6,1,native D6CIM128x16INT8 tile; no unused output capacity tiles in primary configuration,"one128bit aligned local row;16Byte payload,128 complete cycles cover matrix",02_sram_dcim/data/results.json#/scenarios/0/mapping_interface,02_sram_dcim/data/results.json#/scenarios/0,CMOS-03; CMOS-07; SDCIM-01; SDCIM-02; SDCIM-03; SDCIM-04; SDCIM-05
02_sram_dcim,SRAM DCIM,reference,recommended_reference,128,16,128×16 · 16 B groups,declared_reference,True,,,387.8787878787879,3200.0,0.12121212121212122,1.9393939393939394,128,2048,330.0,640.0,1,native D6CIM128x16INT8 tile; no unused output capacity tiles in primary configuration,"one128bit aligned local row;16Byte payload,128 complete cycles cover matrix",02_sram_dcim/data/results.json#/scenarios/1/mapping_interface,02_sram_dcim/data/results.json#/scenarios/1,CMOS-03; CMOS-07; SDCIM-01; SDCIM-02; SDCIM-03; SDCIM-04; SDCIM-05
02_sram_dcim,SRAM DCIM,long,paired_conditional,128,16,128×16 · 16 B groups,declared_reference,True,,,193.93939393939394,1600.0,0.12121212121212122,1.9393939393939394,128,2048,660.0,1280.0,1,native D6CIM128x16INT8 tile; no unused output capacity tiles in primary configuration,"one128bit aligned local row;16Byte payload,128 complete cycles cover matrix",02_sram_dcim/data/results.json#/scenarios/2/mapping_interface,02_sram_dcim/data/results.json#/scenarios/2,CMOS-03; CMOS-07; SDCIM-01; SDCIM-02; SDCIM-03; SDCIM-04; SDCIM-05
03_nor_2d,2D NOR,short,paired_conditional,128,128,128×128 · sector/page overwrite,declared_reference,True,,,33.86243386243386,0.07968781675226233,424.9386574074074,54392.148148148146,128,16384,3780,205602320.0,1,binary NOR + local exact digital reduction,whole-matrix sustained overwrite: 4 sector erases and 64 full page programs,03_nor_2d/data/results.json#/scenarios/0/mapping_interface,03_nor_2d/data/results.json#/scenarios/0,NOR-01; NOR-02; NOR-04; NOR-05
03_nor_2d,2D NOR,reference,recommended_reference,128,128,128×128 · sector/page overwrite,declared_reference,True,,,24.19659735349716,0.0796864679887435,303.64750708884685,38866.880907372404,128,16384,5290,205605800.0,1,binary NOR + local exact digital reduction,whole-matrix sustained overwrite: 4 sector erases and 64 full page programs,03_nor_2d/data/results.json#/scenarios/1/mapping_interface,03_nor_2d/data/results.json#/scenarios/1,NOR-01; NOR-02; NOR-04; NOR-05
03_nor_2d,2D NOR,long,paired_conditional,128,128,128×128 · sector/page overwrite,declared_reference,True,,,18.130311614730875,0.009142797959566778,1983.0156692634562,253826.0056657224,128,16384,7060,1792011600.0,1,binary NOR + local exact digital reduction,whole-matrix sustained overwrite: 4 sector erases and 64 full page programs,03_nor_2d/data/results.json#/scenarios/2/mapping_interface,03_nor_2d/data/results.json#/scenarios/2,NOR-01; NOR-02; NOR-04; NOR-05
04_nand_3d,3D NAND,short,paired_conditional,4608,240,4608×240 · block/page replace,approximate_signed_reference,True,declared_ideal_current_ADC_calibration_and_finite_reconstruction,True,8.419975514828147,0.5787818758981483,14.547752556629574,3491.4606135910976,4608,1105920,547270,1910771650.0,1,"SLC SGVC split-sign magnitude current-sum ACIM,base4 approximate signed INT8",sustained whole-matrix replace;64block erases+6144page programs,04_nand_3d/data/results.json#/main_scenarios/0/mapping_interface,04_nand_3d/data/results.json#/main_scenarios/0,NAND-01; NAND-02; NAND-03; NAND-04; NAND-05; NAND-06
04_nand_3d,3D NAND,reference,recommended_reference,4608,240,4608×240 · block/page replace,approximate_signed_reference,True,declared_ideal_current_ADC_calibration_and_finite_reconstruction,True,6.828082861630561,0.5771664413536749,11.830353209060647,2839.2847701745545,4608,1105920,674860,1916119720.0,1,"SLC SGVC split-sign magnitude current-sum ACIM,base4 approximate signed INT8",sustained whole-matrix replace;64block erases+6144page programs,04_nand_3d/data/results.json#/main_scenarios/1/mapping_interface,04_nand_3d/data/results.json#/main_scenarios/1,NAND-01; NAND-02; NAND-03; NAND-04; NAND-05; NAND-06
04_nand_3d,3D NAND,long,paired_conditional,4608,240,4608×240 · block/page replace,approximate_signed_reference,True,declared_ideal_current_ADC_calibration_and_finite_reconstruction,True,5.552409297393694,0.28153120113856805,19.72218096942239,4733.323432661373,4608,1105920,829910,3928232450.0,1,"SLC SGVC split-sign magnitude current-sum ACIM,base4 approximate signed INT8",sustained whole-matrix replace;64block erases+6144page programs,04_nand_3d/data/results.json#/main_scenarios/2/mapping_interface,04_nand_3d/data/results.json#/main_scenarios/2,NAND-01; NAND-02; NAND-03; NAND-04; NAND-05; NAND-06
05_rram,RRAM,short,paired_conditional,128,64,128×64 · 8 KiB epoch; 16 B groups,approximate_signed_reference,True,ideal_calibrated_partial_sum_and_digital_reconstruction,False,47.548291233283805,7.1114074197536,6.68619985141159,427.9167904903417,128,8192,2692,1151952.0,1,WH-2T1R32-item ACIM with native CIMSEL time selection,single-domain sustained whole8192B matrix load;512local16B groups,05_rram/data/results.json#/scenarios/0/mapping_interface,05_rram/data/results.json#/scenarios/0,RRAM-01; RRAM-02; RRAM-03; RRAM-04; RRAM-05; RRAM-06
05_rram,RRAM,reference,recommended_reference,128,64,128×64 · 8 KiB epoch; 16 B groups,approximate_signed_reference,True,ideal_calibrated_partial_sum_and_digital_reconstruction,False,24.951267056530217,4.285056701678035,5.82285575048733,372.6627680311891,128,8192,5130,1911760.0,1,WH-2T1R32-item ACIM with native CIMSEL time selection,single-domain sustained whole8192B matrix load;512local16B groups,05_rram/data/results.json#/scenarios/1/mapping_interface,05_rram/data/results.json#/scenarios/1,RRAM-01; RRAM-02; RRAM-03; RRAM-04; RRAM-05; RRAM-06
05_rram,RRAM,long,paired_conditional,128,64,128×64 · 8 KiB epoch; 16 B groups,approximate_signed_reference,True,ideal_calibrated_partial_sum_and_digital_reconstruction,False,11.743119266055047,1.678220823704869,6.997362385321101,447.83119266055047,128,8192,10900,4881360.0,1,WH-2T1R32-item ACIM with native CIMSEL time selection,single-domain sustained whole8192B matrix load;512local16B groups,05_rram/data/results.json#/scenarios/2/mapping_interface,05_rram/data/results.json#/scenarios/2,RRAM-01; RRAM-02; RRAM-03; RRAM-04; RRAM-05; RRAM-06
06_mram,MRAM,short,paired_conditional,256,32,256×32 · 8 B groups,declared_reference,True,,,752.9411764705882,133.33333333333331,5.647058823529412,180.7058823529412,256,8192,340,61440.0,1,complementary 2T2MTJ bitcell digital CIM; exact integer arithmetic conditional on correct storage/sensing,"one selected row x eight aligned INT8 outputs; sixteen banks, 64 complementary pairs",06_mram/data/results.json#/scenarios/0/mapping_interface,06_mram/data/results.json#/scenarios/0,MRAM-01; MRAM-03; MRAM-04; MRAM-05; MRAM-06
06_mram,MRAM,reference,recommended_reference,256,32,256×32 · 8 B groups,declared_reference,True,,,316.04938271604937,76.19047619047619,4.148148148148148,132.74074074074073,256,8192,810,107520.0,1,complementary 2T2MTJ bitcell digital CIM; exact integer arithmetic conditional on correct storage/sensing,"one selected row x eight aligned INT8 outputs; sixteen banks, 64 complementary pairs",06_mram/data/results.json#/scenarios/1/mapping_interface,06_mram/data/results.json#/scenarios/1,MRAM-01; MRAM-03; MRAM-04; MRAM-05; MRAM-06
06_mram,MRAM,long,paired_conditional,256,32,256×32 · 8 B groups,declared_reference,True,,,158.02469135802468,53.33333333333333,2.9629629629629632,94.81481481481481,256,8192,1620,153600.0,1,complementary 2T2MTJ bitcell digital CIM; exact integer arithmetic conditional on correct storage/sensing,"one selected row x eight aligned INT8 outputs; sixteen banks, 64 complementary pairs",06_mram/data/results.json#/scenarios/2/mapping_interface,06_mram/data/results.json#/scenarios/2,MRAM-01; MRAM-03; MRAM-04; MRAM-05; MRAM-06
07_pcm,PCM,short,paired_conditional,256,128,256×128 · 32 B row stripes,approximate_signed_reference,True,ideal_calibrated_partial_sum_and_digital_reconstruction,False,5.207909512572218,7.972097658196313,0.6532671494832777,83.61819513385954,256,32768,49156,4110336.0,1,8-plane binary/SLC voltage-mode approximate ACIM; one native256x1024bank;8activeWL,wholematrix1024aligned32Brow-stripedtransactions,07_pcm/data/results.json#/paired_scenarios/0/mapping_interface,07_pcm/data/results.json#/paired_scenarios/0,PCM-01; PCM-03; PCM-05; PCM-06
07_pcm,PCM,reference,recommended_reference,256,128,256×128 · 32 B row stripes,approximate_signed_reference,True,ideal_calibrated_partial_sum_and_digital_reconstruction,False,2.4997558832145295,6.874328678839956,0.36363636363636365,46.54545454545455,256,32768,102410,4766720.0,1,8-plane binary/SLC voltage-mode approximate ACIM; one native256x1024bank;8activeWL,wholematrix1024aligned32Brow-stripedtransactions,07_pcm/data/results.json#/paired_scenarios/1/mapping_interface,07_pcm/data/results.json#/paired_scenarios/1,PCM-01; PCM-03; PCM-05; PCM-06
07_pcm,PCM,long,paired_conditional,256,128,256×128 · 32 B row stripes,approximate_signed_reference,True,ideal_calibrated_partial_sum_and_digital_reconstruction,False,1.0415819025144437,4.945904173106645,0.21059484091463912,26.956139637073807,256,32768,245780,6625280.0,1,8-plane binary/SLC voltage-mode approximate ACIM; one native256x1024bank;8activeWL,wholematrix1024aligned32Brow-stripedtransactions,07_pcm/data/results.json#/paired_scenarios/2/mapping_interface,07_pcm/data/results.json#/paired_scenarios/2,PCM-01; PCM-03; PCM-05; PCM-06
08_feram_hfo2,HfO2 FeRAM,short,paired_conditional,128,128,128×128 · 16 B groups,declared_reference,True,,,68.81720430107526,307.6923076923077,0.22365591397849463,28.627956989247313,128,16384,1860,53248.0,1,"HZO 1T1C binary memory with local exact-integer digital CIM, existing 4096-bit read-code register reused across 8 input bits, destructive full activated-row writeback",one aligned128bit local row external overwrite;1024 row transactions complete matrix,08_feram_hfo2/data/results.json#/paired/0/mapping_interface,08_feram_hfo2/data/results.json#/paired/0,FERAM-01; FERAM-02; FERAM-03; FERAM-04
08_feram_hfo2,HfO2 FeRAM,reference,recommended_reference,128,128,128×128 · 16 B groups,declared_reference,True,,,26.611226611226606,106.66666666666666,0.24948024948024947,31.933471933471935,128,16384,4810,153600.0,1,"HZO 1T1C binary memory with local exact-integer digital CIM, existing 4096-bit read-code register reused across 8 input bits, destructive full activated-row writeback",one aligned128bit local row external overwrite;1024 row transactions complete matrix,08_feram_hfo2/data/results.json#/paired/1/mapping_interface,08_feram_hfo2/data/results.json#/paired/1,FERAM-01; FERAM-02; FERAM-03; FERAM-04
08_feram_hfo2,HfO2 FeRAM,long,paired_conditional,128,128,128×128 · 16 B groups,declared_reference,True,,,12.877263581488931,53.33333333333333,0.24144869215291748,30.90543259557344,128,16384,9940,307200.0,1,"HZO 1T1C binary memory with local exact-integer digital CIM, existing 4096-bit read-code register reused across 8 input bits, destructive full activated-row writeback",one aligned128bit local row external overwrite;1024 row transactions complete matrix,08_feram_hfo2/data/results.json#/paired/2/mapping_interface,08_feram_hfo2/data/results.json#/paired/2,FERAM-01; FERAM-02; FERAM-03; FERAM-04
09_gain_cell_edram,Gain-cell eDRAM,short,paired_conditional,64,64,64×64 · 16 B groups,approximate_signed_reference,True,declared_ideal_current_integration_ADC_and_finite_reconstruction,True,33.182964705882355,198.63042253521127,0.1670588235294118,10.691764705882353,64,4096,1928.7004813242231,20621.211734440636,0.8814225,ACIM_binary_endpoints_pseudodifferential_3T1C,16 aligned INT8 Bytes per transaction; 256 transactions complete matrix,09_gain_cell_edram/data/results.json#/scenarios/0/mapping_interface,09_gain_cell_edram/data/results.json#/scenarios/0,GC-01; GC-02; GC-03; GC-04; GC-05
09_gain_cell_edram,Gain-cell eDRAM,reference,recommended_reference,64,64,64×64 · 16 B groups,approximate_signed_reference,True,declared_ideal_current_integration_ADC_and_finite_reconstruction,True,13.625671946857434,166.659,0.08175779253960143,5.232498722534491,64,4096,4697.016062738886,24577.130548005207,0.833295,ACIM_binary_endpoints_pseudodifferential_3T1C,16 aligned INT8 Bytes per transaction; 256 transactions complete matrix,09_gain_cell_edram/data/results.json#/scenarios/1/mapping_interface,09_gain_cell_edram/data/results.json#/scenarios/1,GC-01; GC-02; GC-03; GC-04; GC-05
09_gain_cell_edram,Gain-cell eDRAM,long,paired_conditional,64,64,64×64 · 16 B groups,approximate_signed_reference,True,declared_ideal_current_integration_ADC_and_finite_reconstruction,True,6.979506031016657,115.72685714285716,0.060310166570936234,3.8598506605399194,64,4096,9169.703373789844,35393.68562427786,0.7594575,ACIM_binary_endpoints_pseudodifferential_3T1C,16 aligned INT8 Bytes per transaction; 256 transactions complete matrix,09_gain_cell_edram/data/results.json#/scenarios/2/mapping_interface,09_gain_cell_edram/data/results.json#/scenarios/2,GC-01; GC-02; GC-03; GC-04; GC-05
10_fenor_3d,3D FeFET,short,paired_conditional,128,128,128×128 · 16 B groups,declared_reference,True,,,104.91803278688523,81.21827411167513,1.2918032786885243,165.35081967213114,128,16384,1220,201728.0,1,binary 3D vertical AND FeFET; digital local CIM,one input index x sixteen aligned outputs; all eight binary planes together,10_fenor_3d/data/results.json#/main_scenarios/0/mapping_interface,10_fenor_3d/data/results.json#/main_scenarios/0,FENOR-01; FENOR-02
10_fenor_3d,3D FeFET,reference,recommended_reference,128,128,128×128 · 16 B groups,declared_reference,True,,,46.88644688644688,60.37735849056604,0.7765567765567766,99.3992673992674,128,16384,2730,271360.0,1,binary 3D vertical AND FeFET; digital local CIM,one input index x sixteen aligned outputs; all eight binary planes together,10_fenor_3d/data/results.json#/main_scenarios/1/mapping_interface,10_fenor_3d/data/results.json#/main_scenarios/1,FENOR-01; FENOR-02
10_fenor_3d,3D FeFET,long,paired_conditional,128,128,128×128 · 16 B groups,declared_reference,True,,,23.44322344322344,41.02564102564102,0.5714285714285714,73.14285714285714,128,16384,5460,399360.0,1,binary 3D vertical AND FeFET; digital local CIM,one input index x sixteen aligned outputs; all eight binary planes together,10_fenor_3d/data/results.json#/main_scenarios/2/mapping_interface,10_fenor_3d/data/results.json#/main_scenarios/2,FENOR-01; FENOR-02
