case_id,SI_exact,SI,selected
qwen36_35b_a3b/qkv_projection/1024,1/9,0.1111111111111111,True
qwen36_35b_a3b/qkv_projection/131072,128/9,14.222222222222221,False
qwen36_35b_a3b/qkv_projection/1048576,1024/9,113.77777777777777,True
qwen36_35b_a3b/ffn_or_moe/16,5/384,0.013020833333333334,True
qwen36_35b_a3b/ffn_or_moe/1024,5/6,0.8333333333333334,True
qwen36_35b_a3b/ffn_or_moe/16384,40/3,13.333333333333334,False
qwen36_35b_a3b/attention_prefill/1024,1537/128,12.0078125,True
qwen36_35b_a3b/attention_prefill/8192,8705/128,68.0078125,False
qwen36_35b_a3b/attention_prefill/65536,66049/128,516.0078125,False
qwen36_35b_a3b/attention_decode/1024,20,20.0,False
qwen36_35b_a3b/attention_decode/8192,132,132.0,False
qwen36_35b_a3b/attention_decode/65536,1028,1028.0,True
