case_id,kind,Q_S,Q_R,RI_numerator,RI_denominator,display_RI
qwen35_2b/qkv_projection/1024,finite,2097152,10485760,1,5,0.200
qwen35_2b/qkv_projection/131072,finite,268435456,10485760,128,5,25.6
qwen35_2b/qkv_projection/1048576,finite,2147483648,10485760,1024,5,204.8
qwen35_2b/ffn_or_moe/16,finite,131072,37748736,1,288,0.00347
qwen35_2b/ffn_or_moe/1024,finite,8388608,37748736,2,9,0.222
qwen35_2b/ffn_or_moe/16384,finite,134217728,37748736,32,9,3.6
qwen35_2b/attention_prefill/1024,finite,6295552,1048576,1537,256,6.0
qwen35_2b/attention_prefill/8192,finite,285245440,8388608,8705,256,34.0
qwen35_2b/attention_prefill/65536,finite,17314349056,67108864,66049,256,258.0
qwen35_2b/attention_decode/1024,finite,10240,1024,10,1,10.0
qwen35_2b/attention_decode/8192,finite,67584,1024,66,1,66.0
qwen35_2b/attention_decode/65536,finite,526336,1024,514,1,514.0
ministral3_8b_2512/qkv_projection/1024,finite,4194304,25165824,1,6,0.167
ministral3_8b_2512/qkv_projection/131072,finite,536870912,25165824,64,3,21.3
ministral3_8b_2512/qkv_projection/1048576,finite,4294967296,25165824,512,3,170.7
ministral3_8b_2512/ffn_or_moe/16,finite,294912,176160768,3,1792,0.00167
ministral3_8b_2512/ffn_or_moe/1024,finite,18874368,176160768,3,28,0.107
ministral3_8b_2512/ffn_or_moe/16384,finite,301989888,176160768,12,7,1.7
ministral3_8b_2512/attention_prefill/1024,finite,20987904,2097152,1281,128,10.0
ministral3_8b_2512/attention_prefill/8192,finite,1107427328,16777216,8449,128,66.0
ministral3_8b_2512/attention_prefill/65536,finite,68988960768,134217728,65793,128,514.0
ministral3_8b_2512/attention_decode/1024,finite,36864,2048,18,1,18.0
ministral3_8b_2512/attention_decode/8192,finite,266240,2048,130,1,130.0
ministral3_8b_2512/attention_decode/65536,finite,2101248,2048,1026,1,1026.0
qwen36_35b_a3b/qkv_projection/1024,finite,2097152,18874368,1,9,0.111
qwen36_35b_a3b/qkv_projection/131072,finite,268435456,18874368,128,9,14.2
qwen36_35b_a3b/qkv_projection/1048576,finite,2147483648,18874368,1024,9,113.8
qwen36_35b_a3b/ffn_or_moe/16,finite,40960,3145728,5,384,0.0130
qwen36_35b_a3b/ffn_or_moe/1024,finite,2621440,3145728,5,6,0.833
qwen36_35b_a3b/ffn_or_moe/16384,finite,41943040,3145728,40,3,13.3
qwen36_35b_a3b/attention_prefill/1024,finite,12591104,1048576,1537,128,12.0
qwen36_35b_a3b/attention_prefill/8192,finite,570490880,8388608,8705,128,68.0
qwen36_35b_a3b/attention_prefill/65536,finite,34628698112,67108864,66049,128,516.0
qwen36_35b_a3b/attention_decode/1024,finite,20480,1024,20,1,20.0
qwen36_35b_a3b/attention_decode/8192,finite,135168,1024,132,1,132.0
qwen36_35b_a3b/attention_decode/65536,finite,1052672,1024,1028,1,1028.0
hy3_295b/qkv_projection/1024,finite,4194304,41943040,1,10,0.100
hy3_295b/qkv_projection/131072,finite,536870912,41943040,64,5,12.8
hy3_295b/qkv_projection/1048576,finite,4294967296,41943040,512,5,102.4
hy3_295b/ffn_or_moe/16,finite,90112,18874368,11,2304,0.00477
hy3_295b/ffn_or_moe/1024,finite,5767168,18874368,11,36,0.306
hy3_295b/ffn_or_moe/16384,finite,92274688,18874368,44,9,4.9
hy3_295b/attention_prefill/1024,finite,41975808,2097152,1281,64,20.0
hy3_295b/attention_prefill/8192,finite,2214854656,16777216,8449,64,132.0
hy3_295b/attention_prefill/65536,finite,137977921536,134217728,65793,64,1028.0
hy3_295b/attention_decode/1024,finite,73728,2048,36,1,36.0
hy3_295b/attention_decode/8192,finite,532480,2048,260,1,260.0
hy3_295b/attention_decode/65536,finite,4202496,2048,2052,1,2052.0
ling_1t/qkv_projection/1024,finite,8388608,83886080,1,10,0.100
ling_1t/qkv_projection/131072,finite,1073741824,83886080,64,5,12.8
ling_1t/qkv_projection/1048576,finite,8589934592,83886080,512,5,102.4
ling_1t/ffn_or_moe/16,finite,163840,50331648,5,1536,0.00326
ling_1t/ffn_or_moe/1024,finite,10485760,50331648,5,24,0.208
ling_1t/ffn_or_moe/16384,finite,167772160,50331648,10,3,3.3
ling_1t/attention_prefill/1024,finite,41975808,2097152,1281,64,20.0
ling_1t/attention_prefill/8192,finite,2214854656,16777216,8449,64,132.0
ling_1t/attention_prefill/65536,finite,137977921536,134217728,65793,64,1028.0
ling_1t/attention_decode/1024,finite,73728,2048,36,1,36.0
ling_1t/attention_decode/8192,finite,532480,2048,260,1,260.0
ling_1t/attention_decode/65536,finite,4202496,2048,2052,1,2052.0
mimo_v25_pro/qkv_projection/1024,finite,6291456,166723584,2,53,0.0377
mimo_v25_pro/qkv_projection/131072,finite,805306368,166723584,256,53,4.8
mimo_v25_pro/qkv_projection/1048576,finite,6442450944,166723584,2048,53,38.6
mimo_v25_pro/ffn_or_moe/16,finite,131072,37748736,1,288,0.00347
mimo_v25_pro/ffn_or_moe/1024,finite,8388608,37748736,2,9,0.222
mimo_v25_pro/ffn_or_moe/16384,finite,134217728,37748736,32,9,3.6
mimo_v25_pro/attention_prefill/1024,finite,92340224,2621440,1409,40,35.2
mimo_v25_pro/attention_prefill/8192,finite,4496818176,20971520,8577,40,214.4
mimo_v25_pro/attention_prefill/65536,finite,276492713984,167772160,65921,40,1648.0
mimo_v25_pro/attention_decode/1024,finite,155648,2560,304,5,60.8
mimo_v25_pro/attention_decode/8192,finite,1073152,2560,2096,5,419.2
mimo_v25_pro/attention_decode/65536,finite,8413184,2560,16432,5,3286.4
