workload_case_id,workload_SI,technology,profile,SI_star,rho_MB_s,SI_over_SI_star,reference_side
qwen36_35b_a3b/ffn_or_moe/16,0.013020833333333334,SRAM ACIM,short,0.011428571428571429,83.11688311688312,1.1393229166666667,streaming
qwen36_35b_a3b/ffn_or_moe/16,0.013020833333333334,SRAM ACIM,reference,0.012461059190031152,39.875389408099686,1.044921875,streaming
qwen36_35b_a3b/ffn_or_moe/16,0.013020833333333334,SRAM ACIM,long,0.010389610389610388,16.623376623376622,1.2532552083333337,streaming
qwen36_35b_a3b/ffn_or_moe/16,0.013020833333333334,eDRAM,short,0.1670588235294118,33.182964705882355,0.07794160798122066,resident
qwen36_35b_a3b/ffn_or_moe/16,0.013020833333333334,eDRAM,reference,0.08175779253960143,13.625671946857434,0.15926106770833334,resident
qwen36_35b_a3b/ffn_or_moe/16,0.013020833333333334,eDRAM,long,0.060310166570936234,6.979506031016657,0.2158978174603175,resident
qwen36_35b_a3b/ffn_or_moe/16,0.013020833333333334,SRAM DCIM,short,0.06303724928366762,458.45272206303724,0.20655776515151517,resident
qwen36_35b_a3b/ffn_or_moe/16,0.013020833333333334,SRAM DCIM,reference,0.12121212121212122,387.8787878787879,0.107421875,resident
qwen36_35b_a3b/ffn_or_moe/16,0.013020833333333334,SRAM DCIM,long,0.12121212121212122,193.93939393939394,0.107421875,resident
qwen36_35b_a3b/ffn_or_moe/16,0.013020833333333334,FeRAM,short,0.22365591397849463,68.81720430107526,0.058218149038461536,resident
qwen36_35b_a3b/ffn_or_moe/16,0.013020833333333334,FeRAM,reference,0.24948024948024947,26.611226611226606,0.05219184027777778,resident
qwen36_35b_a3b/ffn_or_moe/16,0.013020833333333334,FeRAM,long,0.24144869215291748,12.877263581488931,0.053927951388888895,resident
qwen36_35b_a3b/ffn_or_moe/16,0.013020833333333334,PCM,short,0.6532671494832777,5.207909512572218,0.01993186607291148,resident
qwen36_35b_a3b/ffn_or_moe/16,0.013020833333333334,PCM,reference,0.36363636363636365,2.4997558832145295,0.035807291666666664,resident
qwen36_35b_a3b/ffn_or_moe/16,0.013020833333333334,PCM,long,0.21059484091463912,1.0415819025144437,0.061828833397733124,resident
qwen36_35b_a3b/ffn_or_moe/16,0.013020833333333334,3D FeNOR,short,1.2918032786885243,104.91803278688523,0.010079579103214893,resident
qwen36_35b_a3b/ffn_or_moe/16,0.013020833333333334,3D FeNOR,reference,0.7765567765567766,46.88644688644688,0.01676739386792453,resident
qwen36_35b_a3b/ffn_or_moe/16,0.013020833333333334,3D FeNOR,long,0.5714285714285714,23.44322344322344,0.022786458333333336,resident
qwen36_35b_a3b/ffn_or_moe/16,0.013020833333333334,STT-MRAM,short,5.647058823529412,752.9411764705882,0.0023057725694444445,resident
qwen36_35b_a3b/ffn_or_moe/16,0.013020833333333334,STT-MRAM,reference,4.148148148148148,316.04938271604937,0.003138950892857143,resident
qwen36_35b_a3b/ffn_or_moe/16,0.013020833333333334,STT-MRAM,long,2.9629629629629632,158.02469135802468,0.00439453125,resident
qwen36_35b_a3b/ffn_or_moe/16,0.013020833333333334,RRAM,short,6.68619985141159,47.548291233283805,0.001947419105425689,resident
qwen36_35b_a3b/ffn_or_moe/16,0.013020833333333334,RRAM,reference,5.82285575048733,24.951267056530217,0.0022361593505460936,resident
qwen36_35b_a3b/ffn_or_moe/16,0.013020833333333334,RRAM,long,6.997362385321101,11.743119266055047,0.0018608202085757522,resident
qwen36_35b_a3b/ffn_or_moe/16,0.013020833333333334,3D NAND,short,14.547752556629574,8.419975514828147,0.0008950408857070912,resident
qwen36_35b_a3b/ffn_or_moe/16,0.013020833333333334,3D NAND,reference,11.830353209060647,6.828082861630561,0.0011006292967957135,resident
qwen36_35b_a3b/ffn_or_moe/16,0.013020833333333334,3D NAND,long,19.72218096942239,5.552409297393694,0.00066021264856666,resident
qwen36_35b_a3b/ffn_or_moe/16,0.013020833333333334,2D NOR,short,424.9386574074074,33.86243386243386,3.06416775841829e-05,resident
qwen36_35b_a3b/ffn_or_moe/16,0.013020833333333334,2D NOR,reference,303.64750708884685,24.19659735349716,4.288141028446993e-05,resident
qwen36_35b_a3b/ffn_or_moe/16,0.013020833333333334,2D NOR,long,1983.0156692634562,18.130311614730875,6.566177733819729e-06,resident
qwen36_35b_a3b/qkv_projection/1024,0.1111111111111111,SRAM ACIM,short,0.011428571428571429,83.11688311688312,9.722222222222221,streaming
qwen36_35b_a3b/qkv_projection/1024,0.1111111111111111,SRAM ACIM,reference,0.012461059190031152,39.875389408099686,8.916666666666666,streaming
qwen36_35b_a3b/qkv_projection/1024,0.1111111111111111,SRAM ACIM,long,0.010389610389610388,16.623376623376622,10.694444444444446,streaming
qwen36_35b_a3b/qkv_projection/1024,0.1111111111111111,eDRAM,short,0.1670588235294118,33.182964705882355,0.6651017214397494,resident
qwen36_35b_a3b/qkv_projection/1024,0.1111111111111111,eDRAM,reference,0.08175779253960143,13.625671946857434,1.3590277777777777,streaming
qwen36_35b_a3b/qkv_projection/1024,0.1111111111111111,eDRAM,long,0.060310166570936234,6.979506031016657,1.8423280423280426,streaming
qwen36_35b_a3b/qkv_projection/1024,0.1111111111111111,SRAM DCIM,short,0.06303724928366762,458.45272206303724,1.7626262626262625,streaming
qwen36_35b_a3b/qkv_projection/1024,0.1111111111111111,SRAM DCIM,reference,0.12121212121212122,387.8787878787879,0.9166666666666666,resident
qwen36_35b_a3b/qkv_projection/1024,0.1111111111111111,SRAM DCIM,long,0.12121212121212122,193.93939393939394,0.9166666666666666,resident
qwen36_35b_a3b/qkv_projection/1024,0.1111111111111111,FeRAM,short,0.22365591397849463,68.81720430107526,0.49679487179487175,resident
qwen36_35b_a3b/qkv_projection/1024,0.1111111111111111,FeRAM,reference,0.24948024948024947,26.611226611226606,0.44537037037037036,resident
qwen36_35b_a3b/qkv_projection/1024,0.1111111111111111,FeRAM,long,0.24144869215291748,12.877263581488931,0.4601851851851852,resident
qwen36_35b_a3b/qkv_projection/1024,0.1111111111111111,PCM,short,0.6532671494832777,5.207909512572218,0.17008525715551126,resident
qwen36_35b_a3b/qkv_projection/1024,0.1111111111111111,PCM,reference,0.36363636363636365,2.4997558832145295,0.3055555555555555,resident
qwen36_35b_a3b/qkv_projection/1024,0.1111111111111111,PCM,long,0.21059484091463912,1.0415819025144437,0.5276060449939893,resident
qwen36_35b_a3b/qkv_projection/1024,0.1111111111111111,3D FeNOR,short,1.2918032786885243,104.91803278688523,0.08601240834743375,resident
qwen36_35b_a3b/qkv_projection/1024,0.1111111111111111,3D FeNOR,reference,0.7765567765567766,46.88644688644688,0.1430817610062893,resident
qwen36_35b_a3b/qkv_projection/1024,0.1111111111111111,3D FeNOR,long,0.5714285714285714,23.44322344322344,0.19444444444444445,resident
qwen36_35b_a3b/qkv_projection/1024,0.1111111111111111,STT-MRAM,short,5.647058823529412,752.9411764705882,0.019675925925925923,resident
qwen36_35b_a3b/qkv_projection/1024,0.1111111111111111,STT-MRAM,reference,4.148148148148148,316.04938271604937,0.026785714285714284,resident
qwen36_35b_a3b/qkv_projection/1024,0.1111111111111111,STT-MRAM,long,2.9629629629629632,158.02469135802468,0.03749999999999999,resident
qwen36_35b_a3b/qkv_projection/1024,0.1111111111111111,RRAM,short,6.68619985141159,47.548291233283805,0.016617976366299213,resident
qwen36_35b_a3b/qkv_projection/1024,0.1111111111111111,RRAM,reference,5.82285575048733,24.951267056530217,0.019081893124659997,resident
qwen36_35b_a3b/qkv_projection/1024,0.1111111111111111,RRAM,long,6.997362385321101,11.743119266055047,0.01587899911317975,resident
qwen36_35b_a3b/qkv_projection/1024,0.1111111111111111,3D NAND,short,14.547752556629574,8.419975514828147,0.007637682224700511,resident
qwen36_35b_a3b/qkv_projection/1024,0.1111111111111111,3D NAND,reference,11.830353209060647,6.828082861630561,0.009392036665990089,resident
qwen36_35b_a3b/qkv_projection/1024,0.1111111111111111,3D NAND,long,19.72218096942239,5.552409297393694,0.005633814601102165,resident
qwen36_35b_a3b/qkv_projection/1024,0.1111111111111111,2D NOR,short,424.9386574074074,33.86243386243386,0.00026147564871836077,resident
qwen36_35b_a3b/qkv_projection/1024,0.1111111111111111,2D NOR,reference,303.64750708884685,24.19659735349716,0.00036592136776081004,resident
qwen36_35b_a3b/qkv_projection/1024,0.1111111111111111,2D NOR,long,1983.0156692634562,18.130311614730875,5.6031383328595014e-05,resident
qwen36_35b_a3b/ffn_or_moe/1024,0.8333333333333334,SRAM ACIM,short,0.011428571428571429,83.11688311688312,72.91666666666667,streaming
qwen36_35b_a3b/ffn_or_moe/1024,0.8333333333333334,SRAM ACIM,reference,0.012461059190031152,39.875389408099686,66.875,streaming
qwen36_35b_a3b/ffn_or_moe/1024,0.8333333333333334,SRAM ACIM,long,0.010389610389610388,16.623376623376622,80.20833333333336,streaming
qwen36_35b_a3b/ffn_or_moe/1024,0.8333333333333334,eDRAM,short,0.1670588235294118,33.182964705882355,4.988262910798122,streaming
qwen36_35b_a3b/ffn_or_moe/1024,0.8333333333333334,eDRAM,reference,0.08175779253960143,13.625671946857434,10.192708333333334,streaming
qwen36_35b_a3b/ffn_or_moe/1024,0.8333333333333334,eDRAM,long,0.060310166570936234,6.979506031016657,13.81746031746032,streaming
qwen36_35b_a3b/ffn_or_moe/1024,0.8333333333333334,SRAM DCIM,short,0.06303724928366762,458.45272206303724,13.21969696969697,streaming
qwen36_35b_a3b/ffn_or_moe/1024,0.8333333333333334,SRAM DCIM,reference,0.12121212121212122,387.8787878787879,6.875,streaming
qwen36_35b_a3b/ffn_or_moe/1024,0.8333333333333334,SRAM DCIM,long,0.12121212121212122,193.93939393939394,6.875,streaming
qwen36_35b_a3b/ffn_or_moe/1024,0.8333333333333334,FeRAM,short,0.22365591397849463,68.81720430107526,3.7259615384615383,streaming
qwen36_35b_a3b/ffn_or_moe/1024,0.8333333333333334,FeRAM,reference,0.24948024948024947,26.611226611226606,3.340277777777778,streaming
qwen36_35b_a3b/ffn_or_moe/1024,0.8333333333333334,FeRAM,long,0.24144869215291748,12.877263581488931,3.4513888888888893,streaming
qwen36_35b_a3b/ffn_or_moe/1024,0.8333333333333334,PCM,short,0.6532671494832777,5.207909512572218,1.2756394286663346,streaming
qwen36_35b_a3b/ffn_or_moe/1024,0.8333333333333334,PCM,reference,0.36363636363636365,2.4997558832145295,2.2916666666666665,streaming
qwen36_35b_a3b/ffn_or_moe/1024,0.8333333333333334,PCM,long,0.21059484091463912,1.0415819025144437,3.95704533745492,streaming
qwen36_35b_a3b/ffn_or_moe/1024,0.8333333333333334,3D FeNOR,short,1.2918032786885243,104.91803278688523,0.6450930626057532,resident
qwen36_35b_a3b/ffn_or_moe/1024,0.8333333333333334,3D FeNOR,reference,0.7765567765567766,46.88644688644688,1.0731132075471699,streaming
qwen36_35b_a3b/ffn_or_moe/1024,0.8333333333333334,3D FeNOR,long,0.5714285714285714,23.44322344322344,1.4583333333333335,streaming
qwen36_35b_a3b/ffn_or_moe/1024,0.8333333333333334,STT-MRAM,short,5.647058823529412,752.9411764705882,0.14756944444444445,resident
qwen36_35b_a3b/ffn_or_moe/1024,0.8333333333333334,STT-MRAM,reference,4.148148148148148,316.04938271604937,0.20089285714285715,resident
qwen36_35b_a3b/ffn_or_moe/1024,0.8333333333333334,STT-MRAM,long,2.9629629629629632,158.02469135802468,0.28125,resident
qwen36_35b_a3b/ffn_or_moe/1024,0.8333333333333334,RRAM,short,6.68619985141159,47.548291233283805,0.12463482274724409,resident
qwen36_35b_a3b/ffn_or_moe/1024,0.8333333333333334,RRAM,reference,5.82285575048733,24.951267056530217,0.14311419843495,resident
qwen36_35b_a3b/ffn_or_moe/1024,0.8333333333333334,RRAM,long,6.997362385321101,11.743119266055047,0.11909249334884814,resident
qwen36_35b_a3b/ffn_or_moe/1024,0.8333333333333334,3D NAND,short,14.547752556629574,8.419975514828147,0.057282616685253834,resident
qwen36_35b_a3b/ffn_or_moe/1024,0.8333333333333334,3D NAND,reference,11.830353209060647,6.828082861630561,0.07044027499492567,resident
qwen36_35b_a3b/ffn_or_moe/1024,0.8333333333333334,3D NAND,long,19.72218096942239,5.552409297393694,0.04225360950826624,resident
qwen36_35b_a3b/ffn_or_moe/1024,0.8333333333333334,2D NOR,short,424.9386574074074,33.86243386243386,0.0019610673653877057,resident
qwen36_35b_a3b/ffn_or_moe/1024,0.8333333333333334,2D NOR,reference,303.64750708884685,24.19659735349716,0.0027444102582060755,resident
qwen36_35b_a3b/ffn_or_moe/1024,0.8333333333333334,2D NOR,long,1983.0156692634562,18.130311614730875,0.00042023537496446267,resident
qwen36_35b_a3b/attention_prefill/1024,12.0078125,SRAM ACIM,short,0.011428571428571429,83.11688311688312,1050.68359375,streaming
qwen36_35b_a3b/attention_prefill/1024,12.0078125,SRAM ACIM,reference,0.012461059190031152,39.875389408099686,963.626953125,streaming
qwen36_35b_a3b/attention_prefill/1024,12.0078125,SRAM ACIM,long,0.010389610389610388,16.623376623376622,1155.7519531250002,streaming
qwen36_35b_a3b/attention_prefill/1024,12.0078125,eDRAM,short,0.1670588235294118,33.182964705882355,71.87775088028168,streaming
qwen36_35b_a3b/attention_prefill/1024,12.0078125,eDRAM,reference,0.08175779253960143,13.625671946857434,146.870556640625,streaming
qwen36_35b_a3b/attention_prefill/1024,12.0078125,eDRAM,long,0.060310166570936234,6.979506031016657,199.1009672619048,streaming
qwen36_35b_a3b/attention_prefill/1024,12.0078125,SRAM DCIM,short,0.06303724928366762,458.45272206303724,190.48757102272728,streaming
qwen36_35b_a3b/attention_prefill/1024,12.0078125,SRAM DCIM,reference,0.12121212121212122,387.8787878787879,99.064453125,streaming
qwen36_35b_a3b/attention_prefill/1024,12.0078125,SRAM DCIM,long,0.12121212121212122,193.93939393939394,99.064453125,streaming
qwen36_35b_a3b/attention_prefill/1024,12.0078125,FeRAM,short,0.22365591397849463,68.81720430107526,53.688777043269226,streaming
qwen36_35b_a3b/attention_prefill/1024,12.0078125,FeRAM,reference,0.24948024948024947,26.611226611226606,48.13131510416667,streaming
qwen36_35b_a3b/attention_prefill/1024,12.0078125,FeRAM,long,0.24144869215291748,12.877263581488931,49.73235677083334,streaming
qwen36_35b_a3b/attention_prefill/1024,12.0078125,PCM,short,0.6532671494832777,5.207909512572218,18.381166892438966,streaming
qwen36_35b_a3b/attention_prefill/1024,12.0078125,PCM,reference,0.36363636363636365,2.4997558832145295,33.021484375,streaming
qwen36_35b_a3b/attention_prefill/1024,12.0078125,PCM,long,0.21059484091463912,1.0415819025144437,57.018550159389484,streaming
qwen36_35b_a3b/attention_prefill/1024,12.0078125,3D FeNOR,short,1.2918032786885243,104.91803278688523,9.295387848984774,streaming
qwen36_35b_a3b/attention_prefill/1024,12.0078125,3D FeNOR,reference,0.7765567765567766,46.88644688644688,15.462890625,streaming
qwen36_35b_a3b/attention_prefill/1024,12.0078125,3D FeNOR,long,0.5714285714285714,23.44322344322344,21.013671875,streaming
qwen36_35b_a3b/attention_prefill/1024,12.0078125,STT-MRAM,short,5.647058823529412,752.9411764705882,2.1263834635416665,streaming
qwen36_35b_a3b/attention_prefill/1024,12.0078125,STT-MRAM,reference,4.148148148148148,316.04938271604937,2.894740513392857,streaming
qwen36_35b_a3b/attention_prefill/1024,12.0078125,STT-MRAM,long,2.9629629629629632,158.02469135802468,4.05263671875,streaming
qwen36_35b_a3b/attention_prefill/1024,12.0078125,RRAM,short,6.68619985141159,47.548291233283805,1.7959098990235702,streaming
qwen36_35b_a3b/attention_prefill/1024,12.0078125,RRAM,reference,5.82285575048733,24.951267056530217,2.0621861530736076,streaming
qwen36_35b_a3b/attention_prefill/1024,12.0078125,RRAM,long,6.997362385321101,11.743119266055047,1.7160483963485587,streaming
qwen36_35b_a3b/attention_prefill/1024,12.0078125,3D NAND,short,14.547752556629574,8.419975514828147,0.8254067047990795,resident
qwen36_35b_a3b/attention_prefill/1024,12.0078125,3D NAND,reference,11.830353209060647,6.828082861630561,1.0150003375050072,streaming
qwen36_35b_a3b/attention_prefill/1024,12.0078125,3D NAND,long,19.72218096942239,5.552409297393694,0.6088481045081738,resident
qwen36_35b_a3b/attention_prefill/1024,12.0078125,2D NOR,short,424.9386574074074,33.86243386243386,0.028257755068133474,resident
qwen36_35b_a3b/attention_prefill/1024,12.0078125,2D NOR,reference,303.64750708884685,24.19659735349716,0.03954523656433817,resident
qwen36_35b_a3b/attention_prefill/1024,12.0078125,2D NOR,long,1983.0156692634562,18.130311614730875,0.006055329106128554,resident
qwen36_35b_a3b/qkv_projection/1048576,113.77777777777777,SRAM ACIM,short,0.011428571428571429,83.11688311688312,9955.555555555555,streaming
qwen36_35b_a3b/qkv_projection/1048576,113.77777777777777,SRAM ACIM,reference,0.012461059190031152,39.875389408099686,9130.666666666666,streaming
qwen36_35b_a3b/qkv_projection/1048576,113.77777777777777,SRAM ACIM,long,0.010389610389610388,16.623376623376622,10951.111111111113,streaming
qwen36_35b_a3b/qkv_projection/1048576,113.77777777777777,eDRAM,short,0.1670588235294118,33.182964705882355,681.0641627543034,streaming
qwen36_35b_a3b/qkv_projection/1048576,113.77777777777777,eDRAM,reference,0.08175779253960143,13.625671946857434,1391.6444444444444,streaming
qwen36_35b_a3b/qkv_projection/1048576,113.77777777777777,eDRAM,long,0.060310166570936234,6.979506031016657,1886.5439153439156,streaming
qwen36_35b_a3b/qkv_projection/1048576,113.77777777777777,SRAM DCIM,short,0.06303724928366762,458.45272206303724,1804.9292929292928,streaming
qwen36_35b_a3b/qkv_projection/1048576,113.77777777777777,SRAM DCIM,reference,0.12121212121212122,387.8787878787879,938.6666666666666,streaming
qwen36_35b_a3b/qkv_projection/1048576,113.77777777777777,SRAM DCIM,long,0.12121212121212122,193.93939393939394,938.6666666666666,streaming
qwen36_35b_a3b/qkv_projection/1048576,113.77777777777777,FeRAM,short,0.22365591397849463,68.81720430107526,508.7179487179487,streaming
qwen36_35b_a3b/qkv_projection/1048576,113.77777777777777,FeRAM,reference,0.24948024948024947,26.611226611226606,456.05925925925925,streaming
qwen36_35b_a3b/qkv_projection/1048576,113.77777777777777,FeRAM,long,0.24144869215291748,12.877263581488931,471.22962962962964,streaming
qwen36_35b_a3b/qkv_projection/1048576,113.77777777777777,PCM,short,0.6532671494832777,5.207909512572218,174.16730332724353,streaming
qwen36_35b_a3b/qkv_projection/1048576,113.77777777777777,PCM,reference,0.36363636363636365,2.4997558832145295,312.88888888888886,streaming
qwen36_35b_a3b/qkv_projection/1048576,113.77777777777777,PCM,long,0.21059484091463912,1.0415819025144437,540.2685900738451,streaming
qwen36_35b_a3b/qkv_projection/1048576,113.77777777777777,3D FeNOR,short,1.2918032786885243,104.91803278688523,88.07670614777216,streaming
qwen36_35b_a3b/qkv_projection/1048576,113.77777777777777,3D FeNOR,reference,0.7765567765567766,46.88644688644688,146.51572327044025,streaming
qwen36_35b_a3b/qkv_projection/1048576,113.77777777777777,3D FeNOR,long,0.5714285714285714,23.44322344322344,199.11111111111111,streaming
qwen36_35b_a3b/qkv_projection/1048576,113.77777777777777,STT-MRAM,short,5.647058823529412,752.9411764705882,20.148148148148145,streaming
qwen36_35b_a3b/qkv_projection/1048576,113.77777777777777,STT-MRAM,reference,4.148148148148148,316.04938271604937,27.428571428571427,streaming
qwen36_35b_a3b/qkv_projection/1048576,113.77777777777777,STT-MRAM,long,2.9629629629629632,158.02469135802468,38.39999999999999,streaming
qwen36_35b_a3b/qkv_projection/1048576,113.77777777777777,RRAM,short,6.68619985141159,47.548291233283805,17.016807799090394,streaming
qwen36_35b_a3b/qkv_projection/1048576,113.77777777777777,RRAM,reference,5.82285575048733,24.951267056530217,19.539858559651837,streaming
qwen36_35b_a3b/qkv_projection/1048576,113.77777777777777,RRAM,long,6.997362385321101,11.743119266055047,16.260095091896066,streaming
qwen36_35b_a3b/qkv_projection/1048576,113.77777777777777,3D NAND,short,14.547752556629574,8.419975514828147,7.820986598093323,streaming
qwen36_35b_a3b/qkv_projection/1048576,113.77777777777777,3D NAND,reference,11.830353209060647,6.828082861630561,9.617445545973851,streaming
qwen36_35b_a3b/qkv_projection/1048576,113.77777777777777,3D NAND,long,19.72218096942239,5.552409297393694,5.7690261515286165,streaming
qwen36_35b_a3b/qkv_projection/1048576,113.77777777777777,2D NOR,short,424.9386574074074,33.86243386243386,0.2677510642876014,resident
qwen36_35b_a3b/qkv_projection/1048576,113.77777777777777,2D NOR,reference,303.64750708884685,24.19659735349716,0.3747034805870695,resident
qwen36_35b_a3b/qkv_projection/1048576,113.77777777777777,2D NOR,long,1983.0156692634562,18.130311614730875,0.057376136528481295,resident
qwen36_35b_a3b/attention_decode/65536,1028.0,SRAM ACIM,short,0.011428571428571429,83.11688311688312,89950.0,streaming
qwen36_35b_a3b/attention_decode/65536,1028.0,SRAM ACIM,reference,0.012461059190031152,39.875389408099686,82497.0,streaming
qwen36_35b_a3b/attention_decode/65536,1028.0,SRAM ACIM,long,0.010389610389610388,16.623376623376622,98945.00000000001,streaming
qwen36_35b_a3b/attention_decode/65536,1028.0,eDRAM,short,0.1670588235294118,33.182964705882355,6153.521126760563,streaming
qwen36_35b_a3b/attention_decode/65536,1028.0,eDRAM,reference,0.08175779253960143,13.625671946857434,12573.725,streaming
qwen36_35b_a3b/attention_decode/65536,1028.0,eDRAM,long,0.060310166570936234,6.979506031016657,17045.21904761905,streaming
qwen36_35b_a3b/attention_decode/65536,1028.0,SRAM DCIM,short,0.06303724928366762,458.45272206303724,16307.818181818182,streaming
qwen36_35b_a3b/attention_decode/65536,1028.0,SRAM DCIM,reference,0.12121212121212122,387.8787878787879,8481.0,streaming
qwen36_35b_a3b/attention_decode/65536,1028.0,SRAM DCIM,long,0.12121212121212122,193.93939393939394,8481.0,streaming
qwen36_35b_a3b/attention_decode/65536,1028.0,FeRAM,short,0.22365591397849463,68.81720430107526,4596.346153846153,streaming
qwen36_35b_a3b/attention_decode/65536,1028.0,FeRAM,reference,0.24948024948024947,26.611226611226606,4120.566666666667,streaming
qwen36_35b_a3b/attention_decode/65536,1028.0,FeRAM,long,0.24144869215291748,12.877263581488931,4257.633333333334,streaming
qwen36_35b_a3b/attention_decode/65536,1028.0,PCM,short,0.6532671494832777,5.207909512572218,1573.6287992027903,streaming
qwen36_35b_a3b/attention_decode/65536,1028.0,PCM,reference,0.36363636363636365,2.4997558832145295,2827.0,streaming
qwen36_35b_a3b/attention_decode/65536,1028.0,PCM,long,0.21059484091463912,1.0415819025144437,4881.41112828439,streaming
qwen36_35b_a3b/attention_decode/65536,1028.0,3D FeNOR,short,1.2918032786885243,104.91803278688523,795.786802030457,streaming
qwen36_35b_a3b/attention_decode/65536,1028.0,3D FeNOR,reference,0.7765567765567766,46.88644688644688,1323.7924528301887,streaming
qwen36_35b_a3b/attention_decode/65536,1028.0,3D FeNOR,long,0.5714285714285714,23.44322344322344,1799.0,streaming
qwen36_35b_a3b/attention_decode/65536,1028.0,STT-MRAM,short,5.647058823529412,752.9411764705882,182.04166666666666,streaming
qwen36_35b_a3b/attention_decode/65536,1028.0,STT-MRAM,reference,4.148148148148148,316.04938271604937,247.82142857142858,streaming
qwen36_35b_a3b/attention_decode/65536,1028.0,STT-MRAM,long,2.9629629629629632,158.02469135802468,346.95,streaming
qwen36_35b_a3b/attention_decode/65536,1028.0,RRAM,short,6.68619985141159,47.548291233283805,153.7495173410003,streaming
qwen36_35b_a3b/attention_decode/65536,1028.0,RRAM,reference,5.82285575048733,24.951267056530217,176.5456751893543,streaming
qwen36_35b_a3b/attention_decode/65536,1028.0,RRAM,long,6.997362385321101,11.743119266055047,146.91249979513907,streaming
qwen36_35b_a3b/attention_decode/65536,1028.0,3D NAND,short,14.547752556629574,8.419975514828147,70.66383594292913,streaming
qwen36_35b_a3b/attention_decode/65536,1028.0,3D NAND,reference,11.830353209060647,6.828082861630561,86.8951232337403,streaming
qwen36_35b_a3b/attention_decode/65536,1028.0,3D NAND,long,19.72218096942239,5.552409297393694,52.12405268939723,streaming
qwen36_35b_a3b/attention_decode/65536,1028.0,2D NOR,short,424.9386574074074,33.86243386243386,2.4191727019422737,streaming
qwen36_35b_a3b/attention_decode/65536,1028.0,2D NOR,reference,303.64750708884685,24.19659735349716,3.3855044945230146,streaming
qwen36_35b_a3b/attention_decode/65536,1028.0,2D NOR,long,1983.0156692634562,18.130311614730875,0.5184023585561611,resident
