case_id,K,N,stage_id,service_kind,provider,coverage_kind,dominant_timing_provider,case_path_status,entrypoint,count,included_stages,source_refs
01_sram_acim,128,128,input_capture,streaming,neurosim_native,native_module,v3_scheduled_digital_budget_until_case_path_instantiation,case_path_pending,DFF::Initialize; DFF::CalculateLatency,"{""value"": 1, ""unit"": ""cycles"", ""per"": ""vector""}",,"[{""source_id"": ""shared"", ""json_pointer"": ""/resource_policy/input_capture_ticks""}]"
01_sram_acim,128,128,charge_front,streaming,v3_native_service,native_service,v3_native_complete_service,native_budget_retained,check_sram_acim.calculate / retained frontend_complete_ns,"{""value"": 64, ""unit"": ""evaluations"", ""per"": ""vector""}",input_step; array settling,"[{""source_id"": ""inputs"", ""json_pointer"": ""/cycle_semantics/frontend""}]"
01_sram_acim,128,128,sar,streaming,neurosim_native,native_module,neurosim_SAR_primitive_pending_case_instantiation,native_budget_retained,SarADC::Initialize; SarADC::CalculateLatency,"{""value"": 64, ""unit"": ""batches"", ""per"": ""vector""}",,"[{""source_id"": ""shared"", ""json_pointer"": ""/reference_instance/acim""}]"
01_sram_acim,128,128,reconstruct,streaming,neurosim_composed,hybrid_stage,v3_scheduled_digital_budget_until_case_path_instantiation,case_path_pending,AdderTree::CalculateLatency; Adder::CalculateLatency; DFF::CalculateLatency,"{""value"": 128, ""unit"": ""cycles"", ""per"": ""vector""}",,"[{""source_id"": ""shared"", ""json_pointer"": ""/reference_instance/acim""}]"
01_sram_acim,128,128,sram_write,resident,v3_native_service,native_service,v3_native_complete_service,native_budget_retained,check_sram_acim.block / retained complete_memory_cycle_ns,"{""value"": 1024, ""unit"": ""transactions"", ""per"": ""full_matrix""}",one-beat write front; ordinary SRAM update,"[{""source_id"": ""inputs"", ""json_pointer"": ""/cycle_semantics/memory""}]"
01_sram_acim,128,128,output_commit,streaming,neurosim_native,native_module,v3_scheduled_digital_budget_until_case_path_instantiation,case_path_pending,DFF::Initialize; DFF::CalculateLatency,"{""value"": 1, ""unit"": ""cycles"", ""per"": ""vector""}",,"[{""source_id"": ""shared"", ""json_pointer"": ""/resource_policy/output_commit_ticks""}]"
02_sram_dcim,128,16,input_capture,streaming,neurosim_native,native_module,v3_scheduled_digital_budget_until_case_path_instantiation,case_path_pending,DFF::Initialize; DFF::CalculateLatency,"{""value"": 1, ""unit"": ""cycles"", ""per"": ""vector""}",,"[{""source_id"": ""shared"", ""json_pointer"": ""/resource_policy/input_capture_ticks""}]"
02_sram_dcim,128,16,native_mac,streaming,v3_native_service,native_service,v3_native_complete_service,native_budget_retained,check_sram_dcim.compute / complete_compute_round_ns,"{""value"": 64, ""unit"": ""complete_MAC_cycles"", ""per"": ""vector""}",native read; HCA/BFA; sign; accumulate,"[{""source_id"": ""inputs"", ""json_pointer"": ""/cycle_semantics/compute_slot""}]"
02_sram_dcim,128,16,sram_write,resident,v3_native_service,native_service,v3_native_complete_service,native_budget_retained,check_sram_dcim.block / complete_memory_cycle_ns,"{""value"": 128, ""unit"": ""transactions"", ""per"": ""full_matrix""}",one-beat write front; ordinary SRAM update,"[{""source_id"": ""inputs"", ""json_pointer"": ""/cycle_semantics/memory_slot""}]"
02_sram_dcim,128,16,output_commit,streaming,neurosim_native,native_module,v3_scheduled_digital_budget_until_case_path_instantiation,case_path_pending,DFF::Initialize; DFF::CalculateLatency,"{""value"": 1, ""unit"": ""cycles"", ""per"": ""vector""}",,"[{""source_id"": ""shared"", ""json_pointer"": ""/resource_policy/output_commit_ticks""}]"
03_nor_2d,128,128,input_capture,streaming,neurosim_native,native_module,v3_scheduled_digital_budget_until_case_path_instantiation,case_path_pending,DFF::Initialize; DFF::CalculateLatency,"{""value"": 1, ""unit"": ""cycles"", ""per"": ""vector""}",,"[{""source_id"": ""shared"", ""json_pointer"": ""/resource_policy/input_capture_ticks""}]"
03_nor_2d,128,128,binary_read,streaming,v3_native_service,native_service,v3_native_complete_service,native_budget_retained,check_nor.evaluate / retained complete binary read,"{""value"": 32, ""unit"": ""tiles"", ""per"": ""vector""}",bias/read/sense; no new capture,"[{""source_id"": ""inputs"", ""json_pointer"": ""/stage_coverage/read_full""}]"
03_nor_2d,128,128,operand_capture,streaming,neurosim_native,native_module,v3_scheduled_digital_budget_until_case_path_instantiation,case_path_pending,DFF::Initialize; DFF::CalculateLatency,"{""value"": 32, ""unit"": ""capture_cycles"", ""per"": ""vector""}",,"[{""source_id"": ""inputs"", ""json_pointer"": ""/stage_coverage/read_full""}]"
03_nor_2d,128,128,digital_mac,streaming,neurosim_composed,hybrid_stage,v3_scheduled_digital_budget_until_case_path_instantiation,case_path_pending,AdderTree::CalculateLatency; Adder::CalculateLatency; DFF::CalculateLatency,"{""value"": 256, ""unit"": ""cycles"", ""per"": ""vector""}",,"[{""source_id"": ""shared"", ""json_pointer"": ""/reference_instance/dcim""}]"
03_nor_2d,128,128,page_load,resident,neurosim_composed,hybrid_stage,v3_scheduled_digital_budget_until_case_path_instantiation,case_path_pending,DFF::CalculateLatency,"{""value"": 64, ""unit"": ""pages"", ""per"": ""full_matrix""}",,"[{""source_id"": ""inputs"", ""json_pointer"": ""/stage_coverage/write_front""}]"
03_nor_2d,128,128,page_program,resident,v3_native_service,native_service,v3_native_complete_service,native_budget_retained,check_nor.evaluate / page_program_ms,"{""value"": 64, ""unit"": ""pages"", ""per"": ""full_matrix""}",internal verify; native HV setup/recovery,"[{""source_id"": ""inputs"", ""json_pointer"": ""/stage_coverage/program_full""}]"
03_nor_2d,128,128,sector_erase,resident,neurosim_composed,hybrid_stage,v3_native_services_plus_pending_primitive_or_control_replacement,case_path_pending,check_nor.evaluate / sector_erase_ms,"{""value"": 4, ""unit"": ""sectors"", ""per"": ""full_matrix""}",native erase and recovery,"[{""source_id"": ""inputs"", ""json_pointer"": ""/stage_coverage/erase_full""}]"
03_nor_2d,128,128,output_commit,streaming,neurosim_native,native_module,v3_scheduled_digital_budget_until_case_path_instantiation,case_path_pending,DFF::Initialize; DFF::CalculateLatency,"{""value"": 1, ""unit"": ""cycles"", ""per"": ""vector""}",,"[{""source_id"": ""shared"", ""json_pointer"": ""/resource_policy/output_commit_ticks""}]"
04_nand_3d,4608,240,input_capture,streaming,neurosim_native,native_module,v3_scheduled_digital_budget_until_case_path_instantiation,case_path_pending,DFF::Initialize; DFF::CalculateLatency,"{""value"": 1, ""unit"": ""cycles"", ""per"": ""vector""}",,"[{""source_id"": ""shared"", ""json_pointer"": ""/resource_policy/input_capture_ticks""}]"
04_nand_3d,4608,240,input_magnitude_sign,streaming,neurosim_composed,hybrid_stage,v3_scheduled_digital_budget_until_case_path_instantiation,case_path_pending,Adder::CalculateLatency; DFF::CalculateLatency; signed-magnitude control adapter,"{""value"": 288, ""unit"": ""cycles"", ""per"": ""vector""}",,"[{""source_id"": ""calculator"", ""function"": ""scenario""}]"
04_nand_3d,4608,240,native_wl,streaming,v3_native_service,native_service,v3_native_complete_service,native_budget_retained,check_nand.scenario / wl_setup_ns,"{""value"": 30, ""unit"": ""WL_setups"", ""per"": ""vector""}",,"[{""source_id"": ""inputs"", ""json_pointer"": ""/reported_numeric/wl_setup_ns""}]"
04_nand_3d,4608,240,native_bl_sl,streaming,v3_native_service,native_service,v3_native_complete_service,native_budget_retained,check_nand.scenario / BL_formation + SL_establishment,"{""value"": 960, ""unit"": ""evaluations"", ""per"": ""vector""}",input_step via native BL formation,"[{""source_id"": ""inputs"", ""json_pointer"": ""/service_parameter_bindings/normal_evaluation""}]"
04_nand_3d,4608,240,sar,streaming,neurosim_native,native_module,neurosim_SAR_primitive_pending_case_instantiation,native_budget_retained,SarADC::Initialize; SarADC::CalculateLatency,"{""value"": 960, ""unit"": ""batches"", ""per"": ""vector""}",,"[{""source_id"": ""inputs"", ""json_pointer"": ""/design_choices/quantization_diagnostic""}]"
04_nand_3d,4608,240,affine_merge_sign,streaming,neurosim_composed,hybrid_stage,v3_arithmetic_schedule_budget; shared front/ADC separately identified,native_budget_retained,v3 four-tick affine/merge/subtract/accumulate schedule; AdderTree/Adder/DFF are constituent candidates only,"{""value"": 3840, ""unit"": ""cycles"", ""per"": ""vector""}",,"[{""source_id"": ""inputs"", ""json_pointer"": ""/design_choices/read_order""}]"
04_nand_3d,4608,240,resident_encode,resident,neurosim_composed,hybrid_stage,v3_scheduled_digital_budget_until_case_path_instantiation,case_path_pending,Adder::CalculateLatency; DFF::CalculateLatency; signed-magnitude page formatter adapter,"{""value"": 69120, ""unit"": ""cycles"", ""per"": ""full_matrix""}",,"[{""source_id"": ""inputs"", ""json_pointer"": ""/design_choices/resident_encoding_lifecycle""}]"
04_nand_3d,4608,240,page_load,resident,neurosim_composed,hybrid_stage,v3_scheduled_digital_budget_until_case_path_instantiation,case_path_pending,DFF::CalculateLatency,"{""value"": 6144, ""unit"": ""pages"", ""per"": ""full_matrix""}",,"[{""source_id"": ""inputs"", ""json_pointer"": ""/resident/data_page_effective_encoded_bits_per_beat""}, {""source_id"": ""inputs"", ""json_pointer"": ""/resident/reference_page_effective_encoded_bits_per_beat""}]"
04_nand_3d,4608,240,page_program,resident,v3_native_service,native_service,v3_native_complete_service,native_budget_retained,check_nand.scenario / program_full_ns,"{""value"": 6144, ""unit"": ""opaque_page_programs"", ""per"": ""full_matrix""}",HV setup; verify/retry; recovery,"[{""source_id"": ""inputs"", ""json_pointer"": ""/resident/P_includes""}]"
04_nand_3d,4608,240,block_erase,resident,v3_native_service,native_service,v3_native_complete_service,native_budget_retained,check_nand.scenario / erase_full_ns,"{""value"": 64, ""unit"": ""opaque_block_erases"", ""per"": ""full_matrix""}",,"[{""source_id"": ""inputs"", ""json_pointer"": ""/design_choices/erase_full_budget_ms_by_profile/reference""}]"
04_nand_3d,4608,240,load_calibration,resident,neurosim_composed,hybrid_stage,v3_arithmetic_schedule_budget; shared front/ADC separately identified,native_budget_retained,v3 calibration arithmetic schedule plus native frontend and shared SarADC candidate,"{""value"": 1, ""unit"": ""calibration"", ""per"": ""full_matrix""}",,"[{""source_id"": ""inputs"", ""json_pointer"": ""/design_choices/calibration""}, {""source_id"": ""inputs"", ""json_pointer"": ""/service_parameter_bindings/load_calibration""}]"
04_nand_3d,4608,240,output_commit,streaming,neurosim_native,native_module,v3_scheduled_digital_budget_until_case_path_instantiation,case_path_pending,DFF::Initialize; DFF::CalculateLatency,"{""value"": 1, ""unit"": ""cycles"", ""per"": ""vector""}",,"[{""source_id"": ""shared"", ""json_pointer"": ""/resource_policy/output_commit_ticks""}]"
05_rram,128,64,input_capture,streaming,neurosim_native,native_module,v3_scheduled_digital_budget_until_case_path_instantiation,case_path_pending,DFF::Initialize; DFF::CalculateLatency,"{""value"": 1, ""unit"": ""cycles"", ""per"": ""vector""}",,"[{""source_id"": ""shared"", ""json_pointer"": ""/resource_policy/input_capture_ticks""}]"
05_rram,128,64,analog_front,streaming,v3_native_service,native_service,v3_native_complete_service,native_budget_retained,retained native frontend primitive from v3,"{""value"": 128, ""unit"": ""evaluations"", ""per"": ""vector""}",,"[{""source_id"": ""inputs"", ""json_pointer"": ""/service_modes/0""}]"
05_rram,128,64,sar,streaming,neurosim_native,native_module,neurosim_SAR_primitive_pending_case_instantiation,native_budget_retained,SarADC::Initialize; SarADC::CalculateLatency,"{""value"": 128, ""unit"": ""batches"", ""per"": ""vector""}",,"[{""source_id"": ""shared"", ""json_pointer"": ""/reference_instance/acim""}]"
05_rram,128,64,digital_reconstruct,streaming,neurosim_composed,hybrid_stage,v3_scheduled_digital_budget_until_case_path_instantiation,case_path_pending,AdderTree::CalculateLatency; Adder::CalculateLatency; DFF::CalculateLatency,"{""value"": 256, ""unit"": ""cycles"", ""per"": ""vector""}",,"[{""source_id"": ""shared"", ""json_pointer"": ""/reference_instance/acim""}]"
05_rram,128,64,rail_setup,resident,v3_native_service,native_service,v3_native_complete_service,native_budget_retained,check_rram.write_service / rail_setup_ns,"{""value"": 1, ""unit"": ""rail_start"", ""per"": ""full_matrix""}",,"[{""source_id"": ""inputs"", ""json_pointer"": ""/adopted_inputs/rail_lifecycle_ns""}]"
05_rram,128,64,program_attempts,resident,neurosim_composed,hybrid_stage,v3_native_services_plus_pending_primitive_or_control_replacement,case_path_pending,check_rram.write_service / finite RESET then masked SET,"{""value"": 1536, ""unit"": ""program_attempts"", ""per"": ""full_matrix""}",,"[{""source_id"": ""inputs"", ""json_pointer"": ""/adopted_inputs/group_attempt_scenarios/reference""}, {""source_id"": ""calculator"", ""function"": ""write_service""}]"
05_rram,128,64,endpoint_verify,resident,v3_native_service,native_service,v3_native_complete_service,native_budget_retained,retained memory frontend + independent binary window sense/latch budget,"{""value"": 1536, ""unit"": ""attempt_verifies"", ""per"": ""full_matrix""}",,"[{""source_id"": ""inputs"", ""json_pointer"": ""/adopted_inputs/binary_sense_slot_ns""}, {""source_id"": ""inputs"", ""json_pointer"": ""/adopted_inputs/binary_windows""}]"
05_rram,128,64,rail_exit,resident,v3_native_service,native_service,v3_native_complete_service,native_budget_retained,check_rram.write_service / rail_exit_ns,"{""value"": 1, ""unit"": ""rail_exit"", ""per"": ""full_matrix""}",,"[{""source_id"": ""inputs"", ""json_pointer"": ""/adopted_inputs/failure_policy""}]"
05_rram,128,64,output_commit,streaming,neurosim_native,native_module,v3_scheduled_digital_budget_until_case_path_instantiation,case_path_pending,DFF::Initialize; DFF::CalculateLatency,"{""value"": 1, ""unit"": ""cycles"", ""per"": ""vector""}",,"[{""source_id"": ""shared"", ""json_pointer"": ""/resource_policy/output_commit_ticks""}]"
05_rram,128,64,resident_front,resident,neurosim_native,hybrid_stage,v3_scheduled_digital_budget_until_case_path_instantiation,case_path_pending,DFF::Initialize; DFF::CalculateLatency,"{""value"": 512, ""unit"": ""transactions"", ""per"": ""full_matrix""}",,"[{""source_id"": ""calculator"", ""function"": ""write_service""}]"
05_rram,128,64,attempt_done,resident,neurosim_native,native_module,v3_scheduled_digital_budget_until_case_path_instantiation,case_path_pending,DFF::Initialize; DFF::CalculateLatency,"{""value"": 1536, ""unit"": ""commit_cycles"", ""per"": ""full_matrix""}",,"[{""source_id"": ""inputs"", ""json_pointer"": ""/adopted_inputs/verify_group_done_commit_ticks_per_attempt""}]"
06_mram,256,32,input_capture,streaming,neurosim_native,native_module,v3_scheduled_digital_budget_until_case_path_instantiation,case_path_pending,DFF::Initialize; DFF::CalculateLatency,"{""value"": 1, ""unit"": ""cycles"", ""per"": ""vector""}",,"[{""source_id"": ""shared"", ""json_pointer"": ""/resource_policy/input_capture_ticks""}]"
06_mram,256,32,binary_read,streaming,v3_native_service,native_service,v3_native_complete_service,native_budget_retained,check_mram.calculate / retained complete binary read,"{""value"": 16, ""unit"": ""tiles"", ""per"": ""vector""}",bias/read/sense; no new capture,"[{""source_id"": ""inputs"", ""json_pointer"": ""/stage_coverage/stream""}]"
06_mram,256,32,operand_capture,streaming,neurosim_native,native_module,v3_scheduled_digital_budget_until_case_path_instantiation,case_path_pending,DFF::Initialize; DFF::CalculateLatency,"{""value"": 16, ""unit"": ""capture_cycles"", ""per"": ""vector""}",,"[{""source_id"": ""inputs"", ""json_pointer"": ""/stage_coverage/stream""}]"
06_mram,256,32,digital_mac,streaming,neurosim_composed,hybrid_stage,v3_scheduled_digital_budget_until_case_path_instantiation,case_path_pending,AdderTree::CalculateLatency; Adder::CalculateLatency; DFF::CalculateLatency,"{""value"": 128, ""unit"": ""cycles"", ""per"": ""vector""}",,"[{""source_id"": ""shared"", ""json_pointer"": ""/reference_instance/dcim""}]"
06_mram,256,32,encoded_load,resident,neurosim_composed,hybrid_stage,v3_scheduled_digital_budget_until_case_path_instantiation,case_path_pending,DFF::CalculateLatency,"{""value"": 1024, ""unit"": ""transactions"", ""per"": ""full_matrix""}",,"[{""source_id"": ""inputs"", ""json_pointer"": ""/mapping/encoding_location""}]"
06_mram,256,32,direction_write,resident,v3_native_service,native_service,v3_native_complete_service,native_budget_retained,check_mram.calculate / two complete direction slots,"{""value"": 2048, ""unit"": ""direction_slots"", ""per"": ""full_matrix""}",pulse start/stop/recovery,"[{""source_id"": ""inputs"", ""json_pointer"": ""/stage_coverage/write_access""}, {""source_id"": ""inputs"", ""json_pointer"": ""/retry_model""}]"
06_mram,256,32,terminal_verify,resident,neurosim_composed,hybrid_stage,v3_native_services_plus_pending_primitive_or_control_replacement,case_path_pending,check_mram.calculate / both-branch absolute-state verification,"{""value"": 2048, ""unit"": ""branch_reads"", ""per"": ""full_matrix""}",,"[{""source_id"": ""inputs"", ""json_pointer"": ""/stage_coverage/verify_read""}, {""source_id"": ""inputs"", ""json_pointer"": ""/mapping/verify_branch_batches""}]"
06_mram,256,32,output_commit,streaming,neurosim_native,native_module,v3_scheduled_digital_budget_until_case_path_instantiation,case_path_pending,DFF::Initialize; DFF::CalculateLatency,"{""value"": 1, ""unit"": ""cycles"", ""per"": ""vector""}",,"[{""source_id"": ""shared"", ""json_pointer"": ""/resource_policy/output_commit_ticks""}]"
06_mram,256,32,polarity_turn,resident,neurosim_native,native_module,v3_scheduled_digital_budget_until_case_path_instantiation,case_path_pending,DFF::Initialize; DFF::CalculateLatency,"{""value"": 1024, ""unit"": ""turn_cycles"", ""per"": ""full_matrix""}",,"[{""source_id"": ""inputs"", ""json_pointer"": ""/stage_coverage/turn""}]"
07_pcm,256,128,input_capture,streaming,neurosim_native,native_module,v3_scheduled_digital_budget_until_case_path_instantiation,case_path_pending,DFF::Initialize; DFF::CalculateLatency,"{""value"": 1, ""unit"": ""cycles"", ""per"": ""vector""}",,"[{""source_id"": ""shared"", ""json_pointer"": ""/resource_policy/input_capture_ticks""}]"
07_pcm,256,128,analog_front,streaming,v3_native_service,native_service,v3_native_complete_service,native_budget_retained,retained native frontend primitive from v3,"{""value"": 2048, ""unit"": ""evaluations"", ""per"": ""vector""}",input_step,"[{""source_id"": ""inputs"", ""json_pointer"": ""/service_modes/normal_evaluation""}]"
07_pcm,256,128,sar,streaming,neurosim_native,native_module,neurosim_SAR_primitive_pending_case_instantiation,native_budget_retained,SarADC::Initialize; SarADC::CalculateLatency,"{""value"": 2048, ""unit"": ""batches"", ""per"": ""vector""}",,"[{""source_id"": ""shared"", ""json_pointer"": ""/reference_instance/acim""}]"
07_pcm,256,128,digital_reconstruct,streaming,neurosim_composed,hybrid_stage,v3_scheduled_digital_budget_until_case_path_instantiation,case_path_pending,AdderTree::CalculateLatency; Adder::CalculateLatency; DFF::CalculateLatency,"{""value"": 4096, ""unit"": ""cycles"", ""per"": ""vector""}",,"[{""source_id"": ""shared"", ""json_pointer"": ""/reference_instance/acim""}]"
07_pcm,256,128,resident_front,resident,neurosim_composed,hybrid_stage,v3_scheduled_digital_budget_until_case_path_instantiation,case_path_pending,DFF::CalculateLatency,"{""value"": 1024, ""unit"": ""transactions"", ""per"": ""full_matrix""}",,"[{""source_id"": ""calculator"", ""function"": ""compute""}]"
07_pcm,256,128,program_reset_set,resident,neurosim_composed,hybrid_stage,v3_native_services_plus_pending_primitive_or_control_replacement,case_path_pending,check_pcm.compute / 8-plane row-striped current programming,"{""value"": 8192, ""unit"": ""32_cell_batches"", ""per"": ""full_matrix""}",SET tail once,"[{""source_id"": ""inputs"", ""json_pointer"": ""/program/pulse_sequence""}, {""source_id"": ""calculator"", ""function"": ""geometry""}]"
07_pcm,256,128,endpoint_verify,resident,neurosim_composed,hybrid_stage,v3_native_services_plus_pending_primitive_or_control_replacement,case_path_pending,check_pcm.compute / fresh single-row endpoint read and SAR,"{""value"": 16384, ""unit"": ""fresh_verify_passes"", ""per"": ""full_matrix""}",input_step in complete front,"[{""source_id"": ""inputs"", ""json_pointer"": ""/service_modes/endpoint_verify""}, {""source_id"": ""inputs"", ""json_pointer"": ""/mapping/verify_rule""}]"
07_pcm,256,128,output_commit,streaming,neurosim_native,native_module,v3_scheduled_digital_budget_until_case_path_instantiation,case_path_pending,DFF::Initialize; DFF::CalculateLatency,"{""value"": 1, ""unit"": ""cycles"", ""per"": ""vector""}",,"[{""source_id"": ""shared"", ""json_pointer"": ""/resource_policy/output_commit_ticks""}]"
08_feram_hfo2,128,128,input_capture,streaming,neurosim_native,native_module,v3_scheduled_digital_budget_until_case_path_instantiation,case_path_pending,DFF::Initialize; DFF::CalculateLatency,"{""value"": 1, ""unit"": ""cycles"", ""per"": ""vector""}",,"[{""source_id"": ""shared"", ""json_pointer"": ""/resource_policy/input_capture_ticks""}]"
08_feram_hfo2,128,128,binary_read,streaming,v3_native_service,native_service,v3_native_complete_service,native_budget_retained,check_feram.make_row / retained complete binary read,"{""value"": 32, ""unit"": ""tiles"", ""per"": ""vector""}",precharge/reference; WL/PL establish; sense/latch; existing operand capture; one polarization restore; line return/reset,"[{""source_id"": ""inputs"", ""json_pointer"": ""/stage_coverage/read_includes""}]"
08_feram_hfo2,128,128,digital_mac,streaming,neurosim_composed,hybrid_stage,v3_scheduled_digital_budget_until_case_path_instantiation,case_path_pending,AdderTree::CalculateLatency; Adder::CalculateLatency; DFF::CalculateLatency,"{""value"": 256, ""unit"": ""cycles"", ""per"": ""vector""}",,"[{""source_id"": ""shared"", ""json_pointer"": ""/reference_instance/dcim""}]"
08_feram_hfo2,128,128,external_load,resident,neurosim_composed,hybrid_stage,v3_scheduled_digital_budget_until_case_path_instantiation,case_path_pending,DFF::CalculateLatency,"{""value"": 1024, ""unit"": ""transactions"", ""per"": ""full_matrix""}",,"[{""source_id"": ""inputs"", ""json_pointer"": ""/stage_coverage/write_includes""}]"
08_feram_hfo2,128,128,external_polarization_write,resident,v3_native_service,native_service,v3_native_complete_service,native_budget_retained,check_feram.make_row / two target polarity holds and edges,"{""value"": 1024, ""unit"": ""physical_rows"", ""per"": ""full_matrix""}",,"[{""source_id"": ""inputs"", ""json_pointer"": ""/mapping/plate_sequence""}, {""source_id"": ""inputs"", ""json_pointer"": ""/stage_coverage/write_includes""}]"
08_feram_hfo2,128,128,output_commit,streaming,neurosim_native,native_module,v3_scheduled_digital_budget_until_case_path_instantiation,case_path_pending,DFF::Initialize; DFF::CalculateLatency,"{""value"": 1, ""unit"": ""cycles"", ""per"": ""vector""}",,"[{""source_id"": ""shared"", ""json_pointer"": ""/resource_policy/output_commit_ticks""}]"
09_gain_cell_edram,64,64,input_capture,streaming,neurosim_native,native_module,v3_scheduled_digital_budget_until_case_path_instantiation,case_path_pending,DFF::Initialize; DFF::CalculateLatency,"{""value"": 1, ""unit"": ""cycles"", ""per"": ""vector""}",,"[{""source_id"": ""shared"", ""json_pointer"": ""/resource_policy/input_capture_ticks""}]"
09_gain_cell_edram,64,64,analog_front,streaming,v3_native_service,native_service,v3_native_complete_service,native_budget_retained,retained native frontend primitive from v3,"{""value"": 32, ""unit"": ""evaluations"", ""per"": ""vector""}",,"[{""source_id"": ""inputs"", ""json_pointer"": ""/service_modes/early_release""}]"
09_gain_cell_edram,64,64,sar,streaming,neurosim_native,native_module,neurosim_SAR_primitive_pending_case_instantiation,native_budget_retained,SarADC::Initialize; SarADC::CalculateLatency,"{""value"": 32, ""unit"": ""batches"", ""per"": ""vector""}",,"[{""source_id"": ""shared"", ""json_pointer"": ""/reference_instance/acim""}]"
09_gain_cell_edram,64,64,digital_reconstruct,streaming,neurosim_composed,hybrid_stage,v3_scheduled_digital_budget_until_case_path_instantiation,case_path_pending,AdderTree::CalculateLatency; Adder::CalculateLatency; DFF::CalculateLatency,"{""value"": 64, ""unit"": ""cycles"", ""per"": ""vector""}",,"[{""source_id"": ""shared"", ""json_pointer"": ""/reference_instance/acim""}]"
09_gain_cell_edram,64,64,resident_load,resident,neurosim_composed,hybrid_stage,v3_scheduled_digital_budget_until_case_path_instantiation,case_path_pending,DFF::CalculateLatency,"{""value"": 256, ""unit"": ""transactions"", ""per"": ""full_matrix""}",,"[{""source_id"": ""inputs"", ""json_pointer"": ""/write/encoded_load_bits""}]"
09_gain_cell_edram,64,64,current_program,resident,v3_native_service,native_service,v3_native_complete_service,native_budget_retained,check_gain_cell_edram.calc / complete feedback program,"{""value"": 256, ""unit"": ""pair_write_groups"", ""per"": ""full_matrix""}",current feedback and settling; no separate verify,"[{""source_id"": ""inputs"", ""json_pointer"": ""/write/load_isolation""}]"
09_gain_cell_edram,64,64,refresh_read,maintenance,neurosim_composed,hybrid_stage,v3_native_services_plus_pending_primitive_or_control_replacement,native_budget_retained,"check_gain_cell_edram.calc / same read path,64ns integration","{""value"": 256, ""unit"": ""single_row_groups"", ""per"": ""refresh_period""}",,"[{""source_id"": ""inputs"", ""json_pointer"": ""/refresh""}, {""source_id"": ""inputs"", ""json_pointer"": ""/service_modes/early_release/service_bindings/refresh_read""}]"
09_gain_cell_edram,64,64,refresh_decode_load_rewrite,maintenance,neurosim_composed,hybrid_stage,v3_native_services_plus_pending_primitive_or_control_replacement,case_path_pending,"check_gain_cell_edram.calc / sign decode,encoded load,feedback rewrite","{""value"": 256, ""unit"": ""groups"", ""per"": ""refresh_period""}",,"[{""source_id"": ""inputs"", ""json_pointer"": ""/refresh/decode_ticks""}, {""source_id"": ""calculator"", ""function"": ""calc""}]"
09_gain_cell_edram,64,64,output_commit,streaming,neurosim_native,native_module,v3_scheduled_digital_budget_until_case_path_instantiation,case_path_pending,DFF::Initialize; DFF::CalculateLatency,"{""value"": 1, ""unit"": ""cycles"", ""per"": ""vector""}",,"[{""source_id"": ""shared"", ""json_pointer"": ""/resource_policy/output_commit_ticks""}]"
10_fenor_3d,128,128,input_capture,streaming,neurosim_native,native_module,v3_scheduled_digital_budget_until_case_path_instantiation,case_path_pending,DFF::Initialize; DFF::CalculateLatency,"{""value"": 1, ""unit"": ""cycles"", ""per"": ""vector""}",,"[{""source_id"": ""shared"", ""json_pointer"": ""/resource_policy/input_capture_ticks""}]"
10_fenor_3d,128,128,binary_read,streaming,v3_native_service,native_service,v3_native_complete_service,native_budget_retained,check_fenor.recompute / retained complete binary read,"{""value"": 32, ""unit"": ""tiles"", ""per"": ""vector""}",bias/read/sense; no new capture,"[{""source_id"": ""inputs"", ""json_pointer"": ""/engineering_read_budget""}]"
10_fenor_3d,128,128,operand_capture,streaming,neurosim_native,native_module,v3_scheduled_digital_budget_until_case_path_instantiation,case_path_pending,DFF::Initialize; DFF::CalculateLatency,"{""value"": 32, ""unit"": ""capture_cycles"", ""per"": ""vector""}",,"[{""source_id"": ""inputs"", ""json_pointer"": ""/engineering_read_budget""}]"
10_fenor_3d,128,128,digital_mac,streaming,neurosim_composed,hybrid_stage,v3_scheduled_digital_budget_until_case_path_instantiation,case_path_pending,AdderTree::CalculateLatency; Adder::CalculateLatency; DFF::CalculateLatency,"{""value"": 256, ""unit"": ""cycles"", ""per"": ""vector""}",,"[{""source_id"": ""shared"", ""json_pointer"": ""/reference_instance/dcim""}]"
10_fenor_3d,128,128,resident_load,resident,neurosim_composed,hybrid_stage,v3_scheduled_digital_budget_until_case_path_instantiation,case_path_pending,DFF::CalculateLatency,"{""value"": 1024, ""unit"": ""transactions"", ""per"": ""full_matrix""}",,"[{""source_id"": ""inputs"", ""json_pointer"": ""/resident/encoded_load_bits""}]"
10_fenor_3d,128,128,two_phase_write,resident,v3_native_service,native_service,v3_native_complete_service,native_budget_retained,check_fenor.write_service / opposite polarity masked strip writes,"{""value"": 1024, ""unit"": ""batches"", ""per"": ""full_matrix""}",,"[{""source_id"": ""inputs"", ""json_pointer"": ""/resident/write_bias_scheme""}]"
10_fenor_3d,128,128,post_pulse_guard,resident,v3_native_service,native_service,v3_native_complete_service,native_budget_retained,"check_fenor.write_service / max(guard,final_return)","{""value"": 1024, ""unit"": ""guards"", ""per"": ""full_matrix""}",final return; do not add fourth edge,"[{""source_id"": ""inputs"", ""json_pointer"": ""/resident/guard_after_final_pulse_ns""}]"
10_fenor_3d,128,128,terminal_verify,resident,neurosim_composed,hybrid_stage,v3_native_services_plus_pending_primitive_or_control_replacement,case_path_pending,check_fenor.write_service / binary read then capture and compare,"{""value"": 1024, ""unit"": ""terminal_reads"", ""per"": ""full_matrix""}",,"[{""source_id"": ""inputs"", ""json_pointer"": ""/resident/verify_policy""}]"
10_fenor_3d,128,128,output_commit,streaming,neurosim_native,native_module,v3_scheduled_digital_budget_until_case_path_instantiation,case_path_pending,DFF::Initialize; DFF::CalculateLatency,"{""value"": 1, ""unit"": ""cycles"", ""per"": ""vector""}",,"[{""source_id"": ""shared"", ""json_pointer"": ""/resource_policy/output_commit_ticks""}]"
