generation,case_id,technology,K,N,mode,rho_MB_per_s,tau_MB_per_s,RI_star,U_star,single_stream_ns,effective_stream_ns,effective_resident_ns,native_configuration,service_record,new_reference,qualification
old_NVM_background_only,01_sram_acim,SRAM ACIM,128,128,binary_charge_domain_approximate_BPBS,39.875389408099686,3200.0,0.012461059190031152,1.5950155763239875,3210,3210,5120.0,"{""K"":128,""N"":128,""b_S"":1,""b_R"":1,""effective_capacity_Byte"":16384,""physical_capacity"":{""binary_cells"":131072,""weight_planes"":8,""rows_per_plane"":128,""columns_per_plane"":128},""necessary_encoding"":""eight binary weight planes; one9T1C charge-coupled cell per bit; HCA bypassed"",""independent_payload_replicas"":1,""output_bits"":23,""update_mode"":""aligned 16 Byte update; 128 active binary write drivers; 1 complete write cycles per local transaction"",""resources"":{""adc"":128,""adc_per_plane"":16,""adc_nominal_bits"":10,""adc_effective_bits_target"":8,""partial_sum_levels"":129,""digital_lanes"":16,""digital_ticks_per_batch"":2,""input_register_bits"":1024,""output_register_bits"":2944,""analog_cross_group_hold_slots"":0,""write_drivers"":128,""write_domains"":1,""encoded_interface_bits"":128},""configuration_kind"":""128-row native charge-coupled mechanism, engineering binary-plane/SAR adaptation"",""effective_logical_capacity_Byte"":16384}","{""payload_unit"":""Byte"",""transaction_service"":{""B_S_Byte"":128,""B_R_Byte"":16,""delta_S_ns"":3210,""delta_R_ns"":5.0,""rho_Byte_per_s"":39875389.40809969,""tau_Byte_per_s"":3200000000.0,""ridge"":0.012461059190031152},""full_load"":{""logical_payload_Byte"":16384,""T_R_ns"":5120.0},""raw_service_time"":{""streaming_ns"":3210,""resident_ns"":5120.0},""effective_service_interval"":{""streaming_ns"":3210,""resident_ns"":5120.0},""rho"":39.875389408099686,""tau"":3200.0,""rho_raw"":39.875389408099686,""tau_raw"":3200.0,""numerical_service_qualification"":{""reference_service_status"":""approximate_signed_reference"",""workload_mapping_eligibility"":true,""nominal_diagnostic_level"":""ideal_calibrated_partial_sum_and_digital_reconstruction"",""quantization_induced_bias_assessed"":false,""diagnostic_path"":""01_sram_acim/../shared_baseline/data/nominal_service_diagnostics.json"",""summary"":""Signed approximate mapping is structurally supported. The common nominal check reaches calibrated partial-sum algebra only; physical ADC quantization remains uninstantiated."",""eligibility_scope"":""structural_signed_INT8_approximate_mapping_requires_application_error_contract"",""universal_workload_accuracy_certified"":false,""physical_ADC_chain_status"":""not_instantiated_missing_transfer_or_calibration_codes"",""common_diagnostic_path"":""shared_baseline/data/nominal_service_diagnostics.json"",""common_diagnostic_section"":""cases"",""nominal_diagnostic_vectors"":15},""reference_service_status"":""approximate_signed_reference"",""workload_mapping_eligibility"":true,""mapping_eligibility_scope"":""structural_signed_INT8_approximate_mapping_requires_application_error_contract""}","{""generation"":""V4"",""implementation_id"":""V4_ns_sram_acim"",""config_id"":""ns_sram_acim__reference"",""K"":256,""N"":31,""status"":""conditional_sram_analog_transfer"",""accepted"":true,""precision_qualification"":""25-bit nominal arithmetic; SRAM multi-row analog transfer conditional, not ENOB"",""implementation_identity"":{""hardware"":""ns_sram_acim"",""qualification"":""Timing architecture conditional on 256-row SRAM read stability and calibrated analog transfer; nominal9bits are not ENOB."",""historical_identity_preserved"":true},""rho_MB_per_s"":128.66895749371483,""tau_MB_per_s"":3049.150293113601,""RI_star"":0.0421982995670332,""U_star"":1.3081472865780293,""rate_basis"":""serial nonoverlap; historical V4, no periodic maintenance""}",Historical architecture/precision/range differ; no uniform tool-correction ratio and no input to V5 computation
old_NVM_background_only,02_sram_dcim,SRAM DCIM,128,16,native D6CIM128x16INT8 tile; no unused output capacity tiles in primary configuration,387.8787878787879,3200.0,0.12121212121212122,1.9393939393939394,330.0,330.0,640.0,"{""K"":128,""N"":16,""b_S"":1,""b_R"":1,""effective_capacity_Byte"":2048,""physical_capacity"":{""binary_cells"":16384,""tiles"":1,""tile_rows"":128,""tile_bit_columns"":128},""necessary_encoding"":""8binary cells per INT8; two-complement reconstruction; static connection across input bits"",""independent_payload_replicas"":1,""output_bits"":23,""update_mode"":""one128bit aligned local row;16Byte payload,128 complete cycles cover matrix"",""resources"":{""digital_lanes"":16,""digital_terms_per_round"":16,""installed_HCA_BFA"":16,""active_HCA_BFA"":16,""adc"":0,""input_register_bits"":1024,""output_register_bits"":368,""added_operand_hold_bits"":0,""weight_hold"":""existing static local bitline connection"",""write_drivers"":128,""write_domains"":1,""encoded_interface_bits"":128},""configuration_kind"":""native D6CIM128x16INT8 tile; no unused output capacity tiles in primary configuration"",""effective_logical_capacity_Byte"":2048}","{""payload_unit"":""Byte"",""transaction_service"":{""B_S_Byte"":128,""B_R_Byte"":16,""delta_S_ns"":330.0,""delta_R_ns"":5.0,""rho_Byte_per_s"":387878787.8787879,""tau_Byte_per_s"":3200000000.0,""ridge"":0.12121212121212122},""full_load"":{""logical_payload_Byte"":2048,""T_R_ns"":640.0},""raw_service_time"":{""streaming_ns"":330.0,""resident_ns"":640.0},""effective_service_interval"":{""streaming_ns"":330.0,""resident_ns"":640.0},""rho"":387.8787878787879,""tau"":3200.0,""rho_raw"":387.8787878787879,""tau_raw"":3200.0,""numerical_service_qualification"":{""reference_service_status"":""declared_reference"",""workload_mapping_eligibility"":true,""eligibility_scope"":""declared_logical_service_and_precision_contract"",""universal_workload_accuracy_certified"":false},""reference_service_status"":""declared_reference"",""workload_mapping_eligibility"":true,""mapping_eligibility_scope"":""declared_logical_service_and_precision_contract""}","{""generation"":""V4"",""implementation_id"":""V4_ns_sram_dcim"",""config_id"":""ns_sram_dcim__reference"",""K"":256,""N"":31,""status"":""conditional_digital_native_timing"",""accepted"":true,""precision_qualification"":""25-bit nominal exact digital mapping; no STA/silicon signoff"",""implementation_identity"":{""hardware"":""ns_sram_dcim"",""qualification"":""Exact nominal digital mapping; native 50%-cycle reservation and SRAM/clock primitive abstraction, not transistor signoff."",""historical_identity_preserved"":true},""rho_MB_per_s"":1347.6547318236153,""tau_MB_per_s"":2121.503347362957,""RI_star"":0.6352357320099256,""U_star"":19.69230769230769,""rate_basis"":""serial nonoverlap; historical V4, no periodic maintenance""}",Historical architecture/precision/range differ; no uniform tool-correction ratio and no input to V5 computation
old_NVM_background_only,03_nor_2d,2D NOR Flash,128,128,binary NOR + local exact digital reduction,24.19659735349716,0.0796864679887435,303.64750708884685,38866.880907372404,5290,5290,205605800.0,"{""K"":128,""N"":128,""b_S"":1,""b_R"":1,""logical_capacity_Byte"":16384,""effective_logical_capacity_Byte"":16384,""physical_capacity_Byte"":16384,""physical_storage_bits"":131072,""physical_binary_storage_sites"":131072,""encoding"":""eight independent binary storage bits per signed INT8 weight; no analog tuning"",""signal_enhancement_replication"":1,""independent_service_units"":1,""native_page_Byte"":256,""native_sector_Byte"":4096,""physical_organization"":""32 read slices; 8 slices per sector; 4 allocated sectors"",""output_container_bits"":23,""input_register_bits"":1024,""output_register_bits"":2944,""update_payload_Byte"":16384,""update_shape"":""whole-matrix sustained overwrite: 4 sector erases and 64 full page programs"",""resources"":{""binary_sense_nodes"":4096,""adc_count"":0,""sense_bits_per_read"":4096,""weight_tile_register_bits"":4096,""weight_tile_register_banks"":1,""capture_ticks_per_read"":1,""digital_output_lanes"":16,""active_input_rows"":32,""partial_sum_register_bits"":368,""page_buffer_bits"":2048,""write_domains"":1,""physical_write_parallelism"":""one native page engine; internal cell parallelism not reported"",""encoded_interface_bits"":128,""streaming_update_overlap"":false},""display_conversion"":""T_R_ns * 16384 / logical_capacity_Byte; average cost, not arbitrary request latency""}","{""payload_unit"":""Byte"",""transaction_service"":{""B_S_Byte"":128,""B_R_Byte"":16384,""delta_S_ns"":5290,""delta_R_ns"":205605800.0,""rho_Byte_per_s"":24196597.353497162,""tau_Byte_per_s"":79686.4679887435,""ridge"":303.64750708884685},""full_load"":{""logical_payload_Byte"":16384,""T_R_ns"":205605800.0,""transactions"":4},""raw_service_time"":{""streaming_ns"":5290,""resident_ns"":205605800.0},""effective_service_interval"":{""streaming_ns"":5290,""resident_ns"":205605800.0},""rho"":24.19659735349716,""tau"":0.0796864679887435,""rho_raw"":24.19659735349716,""tau_raw"":0.0796864679887435,""numerical_service_qualification"":{""reference_service_status"":""declared_reference"",""workload_mapping_eligibility"":true,""eligibility_scope"":""declared_logical_service_and_precision_contract"",""universal_workload_accuracy_certified"":false},""reference_service_status"":""declared_reference"",""workload_mapping_eligibility"":true,""mapping_eligibility_scope"":""declared_logical_service_and_precision_contract""}","{""generation"":""V5"",""implementation_id"":""nor2d_esf1_binary_equiv130nm_k256n16_v1"",""config_id"":""nor2d_esf1_binary_equiv130nm_k256n16_v1__reference"",""K"":256,""N"":16,""status"":""conditional"",""accepted"":true,""precision_qualification"":""25bit exactsignedarithmetic conditionalonbinarythresholdsense,notanalogclassifieraccuracy"",""implementation_identity"":{""material"":""180nmESF1 splitgatefloatinggate thresholdstate source"",""cell"":""binarythresholdFET; CG/D/S ports andunselectedleakage;notRRAMprogramming"",""peripheral"":""130nmLSTP1.3VnativeCMOS+explicitlowergate-rail/readprechargeports"",""array"":""New256x128bit=4KiBsector design,64SA/2groups,8MAC lanes,16signedoutputs"",""geometry"":""EngineeringequivalentEOT/depletion/pitch/parasitics;notmeasuredESF1macro"",""resident"":""W25Q128JVlikecomplete256Bytepage/4KiBsectorPEengine conditionalcrossimplementationtransfer;stable3VlocalSPIport"",""precision"":""binaryconditionedsignedINT8exactlocalarithmetic25bit;nominalsensebudgetnotmeasuredaccuracy"",""read_frontend"":""Fixed4pFadditionalBLintegrationcap,realPMOSprecharge,complementaryreferenceTGandfinitecontrolramps; gatechargeupperenvelope included""},""rho_MB_per_s"":0.18470418470418473,""tau_MB_per_s"":0.07865177342083138,""RI_star"":2.348379148629149,""U_star"":37.574066378066384,""rate_basis"":""serial nonoverlap, no periodic maintenance""}",Historical architecture/precision/range differ; no uniform tool-correction ratio and no input to V5 computation
old_NVM_background_only,04_nand_3d,3D NAND,4608,240,"SLC SGVC split-sign magnitude current-sum ACIM,base4 approximate signed INT8",6.828082861630561,0.5771664413536749,11.830353209060647,2839.2847701745545,674860,674860,1916119720.0,"{""n_in"":4608,""n_out"":240,""K"":4608,""N"":240,""b_S"":1,""b_R"":1,""B_S_Byte"":4608,""resident_capacity_Byte"":1105920,""output_count"":240,""output_container_bits"":29,""input_register_bits"":36864,""output_register_bits"":6960,""mode"":""SLC SGVC split-sign magnitude current-sum ACIM,base4 approximate signed INT8"",""logical_matrix_order"":""W[N,K]"",""logical_capacity_Byte"":1105920,""physical_capacity_bit"":84934656,""physical_capacity_Byte"":10616832.0,""physical_data_cells"":79626240,""reference_cells"":5308416,""logical_weight_bits"":8847360,""physical_cells_per_INT8_weight"":72,""encoding_ratio_data_bits_to_logical_bits"":9,""storage_utilization_including_required_encoding"":0.9375,""independent_logical_fraction_of_physical_bit_capacity"":0.10416666666666667,""input_copies"":3,""weight_SSL_code"":""LSB once,MSB twice;positive/negative magnitudes use distinct blocks"",""bitlines_per_page"":13824,""physical_page_Byte"":1728,""blocks"":64,""wordlines_per_block"":32,""SSL_per_block"":3,""data_WL"":30,""reference_WL"":2,""row_group_size"":1152,""row_groups"":4,""parallel_output_lanes"":8,""physical_weight_digit_groups"":4,""weight_polarities"":2,""input_sign_phases"":2,""resources"":{""ADC_count"":64,""ADC_nominal_bits"":10,""ADC_effective_bits"":8,""current_frontends"":64,""current_full_scale_uA_per_frontend"":25,""dense_nominal_current_uA_per_frontend"":20.736,""dense_total_current_mA_upper_bound"":1.327104,""native_SL_capacitance_pF_per_block"":16,""added_feedback_capacitance_pF"":0,""digital_output_channels"":16,""signed_subtract_channels"":8,""affine_multipliers"":64,""input_register_bits"":36864,""input_sign_register_bits"":4608,""input_encoding_lanes"":16,""BL_sign_mask_gates"":13824,""input_sign_phase_control_bits"":1,""base4_merge_trees"":16,""affine_count_stage_register_bits"":896,""magnitude_sum_stage_register_bits"":320,""polarity_difference_stage_register_bits"":168,""signed_accumulate_channels"":8,""intermediate_accumulator_bits"":6960,""intermediate_container_bits"":29,""final_output_register_bits"":6960,""resident_row_staging_bits"":41472,""resident_staging_read_width_bits"":144,""resident_encoding_lanes"":16,""resident_formatter_entries_per_tick"":16,""calibration_gain_offset_register_bits"":12288,""calibration_arithmetic_lanes"":16,""write_data_port_bits"":128,""data_page_effective_encoded_bits_per_tick"":48,""reference_page_effective_encoded_bits_per_tick"":128,""page_buffer_bits"":13824,""actual_write_domain"":""one native page program domain with PB inhibit/verify"",""physical_page_program_targets"":13824,""external_update_domains"":1},""update_mode"":""sustained whole-matrix replace;64block erases+6144page programs"",""resident_publish"":""atomic whole matrix after all page verify and reference calibration"",""resident_encoding_lifecycle"":""Invalidate matrix;stream one output row through16 signed-to-magnitude lanes into4608x9bit staging;format24 physical data pages at48 useful encoded bits/beat through128bit nominal port;release staging after row programs;publish only after all blocks/pages and reference calibration pass;no whole-matrix shadow"",""precision_contract"":""approximate signed sums;nominal count resolution remains finite"",""effective_logical_capacity_Byte"":1105920}","{""payload_unit"":""Byte"",""transaction_service"":{""logical_payload_Byte"":17280,""physical_pages"":96,""erase_ns"":1000000.0,""T_R_ns"":29933800.0,""tau_Byte_per_s"":577273.8509644616,""average_update_ns_per_16KiB"":28381677.037037037,""relationship"":""native block batch; whole-matrix final overhead is retained separately in full_load""},""full_load"":{""logical_payload_Byte"":1105920,""T_R_ns"":1916119720.0,""transactions"":66},""raw_service_time"":{""streaming_ns"":674860,""resident_ns"":1916119720.0},""effective_service_interval"":{""streaming_ns"":674860,""resident_ns"":1916119720.0},""rho"":6.828082861630561,""tau"":0.5771664413536749,""rho_raw"":6.828082861630561,""tau_raw"":0.5771664413536749,""numerical_service_qualification"":{""contract"":""approximate_signed_INT8_partial_sum"",""weak_signal_guarantee"":false,""quantized_service_status"":""nominal_split_sign_diagnostics_completed"",""reference_service_status"":""approximate_signed_reference"",""workload_mapping_eligibility"":true,""diagnostic_path"":""04_nand_3d/data/quantization_diagnostics.json"",""limitations"":[""Nominal10bit deterministic diagnostics remove the large common offset of the legacy encoding;they do not certify physical analog accuracy."",""Sparse unit products and asymmetric cancellation remain limited by12.20703125nominal unit counts perADC LSB."",""Approximately8ENOB is a resolution scale,not an8bit ADC or a noise distribution."",""No universal workload accuracy threshold is assumed.""],""eligibility_scope"":""approximate_signed_INT8_requires_application_error_contract"",""universal_workload_accuracy_certified"":false,""nominal_diagnostic_level"":""declared_ideal_current_ADC_calibration_and_finite_reconstruction"",""quantization_induced_bias_assessed"":true,""physical_ADC_chain_status"":""instantiated_for_ideal_declared_transfer"",""common_diagnostic_path"":""shared_baseline/data/nominal_service_diagnostics.json"",""common_diagnostic_section"":""cases"",""nominal_diagnostic_vectors"":15},""reference_service_status"":""approximate_signed_reference"",""workload_mapping_eligibility"":true,""mapping_eligibility_scope"":""approximate_signed_INT8_requires_application_error_contract""}","{""generation"":""V5"",""implementation_id"":""nand3d_sgvc32_ekv_hybrid64tia_k4608n240_v1"",""config_id"":""nand3d_sgvc32_ekv_hybrid64tia_k4608n240_v1__reference"",""K"":4608,""N"":240,""status"":""conditional"",""accepted"":true,""precision_qualification"":""32bitQ4 approximate calibrated analog mapping;isolatedsingleunit quantizes0;nominaldense~3percent andpass-background extreme~+44/-22percent residual;not exactINT8 orENOB"",""implementation_identity"":{""material"":""SLC SGVC NAND nominal16layer evidence extended to32layer series model"",""cell"":""real EKV pass/storage/GSL/SSL chain, not parallelRRAM orTSV"",""organization"":""64blocks x32WL x3SSL x13824BL,30data/2referenceWL;split-sign/base4/3x3unary"",""front_end"":""64SL receivers,eachLTC6268TIA+invertingbiasedbuffer=128amplifiers;fixed20kOhm/1pF;native64SAR"",""power"":""5V total supplies,128x16.5mA=10.56Wtypicalsteady AMP power,notintegratedlowpower originalmacro"",""precision"":""nominal10bit ADC and Q4 approximate output;twoinputsignphases,actualcoarsecodes,no truth repair""},""rho_MB_per_s"":0.12166818487860909,""tau_MB_per_s"":0.13552800001470575,""RI_star"":0.897734673760457,""U_star"":215.45632170250968,""rate_basis"":""serial nonoverlap, no periodic maintenance""}",Historical architecture/precision/range differ; no uniform tool-correction ratio and no input to V5 computation
old_NVM_background_only,05_rram,RRAM,128,64,WH-2T1R32-item ACIM with native CIMSEL time selection,24.951267056530217,4.285056701678035,5.82285575048733,372.6627680311891,5130,5130,1911760.0,"{""n_in"":128,""n_out"":64,""K"":128,""N"":64,""b_S"":1,""b_R"":1,""B_S_Byte"":128,""resident_capacity_Byte"":8192,""output_count"":64,""output_container_bits"":23,""input_register_bits"":1024,""output_register_bits"":1472,""logical_capacity_Byte"":8192,""physical_capacity_bit"":65536,""physical_capacity_Byte"":8192,""physical_data_cells"":65536,""encoding"":""8binarybitplanes,no differential duplication;allm=1"",""mode"":""WH-2T1R32-item ACIM with native CIMSEL time selection"",""physical_native_macros"":8,""physical_macro_shape"":[64,128],""subarrays_per_macro"":4,""subarray_shape"":[64,32],""update_mode"":""single-domain sustained whole8192B matrix load;512local16B groups"",""resources"":{""ADC_count"":128,""ADC_per_plane"":16,""digital_output_channels"":16,""active_input_terms"":32,""write_driver_count"":128,""binary_window_comparators"":256,""program_current_rating_uA_per_lane"":300,""total_program_current_rating_mA"":38.4,""switched_capacitance_limit_pF_per_lane"":1,""program_voltage_rating_V"":1.8,""encoded_buffer_bits"":128,""mask_done_bits"":128,""input_register_bits"":1024,""output_register_bits"":1472,""write_interface_bits"":128,""external_update_domains"":1,""shared_TBL_policy"":""retain native4subarrays per macro;CIMSEL time-selects;no freeTBL isolation""},""precision_contract"":""calibrated approximate bit-plane sums;INT8 final23bit container"",""effective_logical_capacity_Byte"":8192}","{""payload_unit"":""Byte"",""transaction_service"":{""B_R_Byte"":16,""delta_R_ns"":3730.0,""isolated_request_ns"":5730.0,""relationship"":""matrix T_R includes epoch rail setup/exit; local batch rate is not the main tau""},""full_load"":{""logical_payload_Byte"":8192,""T_R_ns"":1911760.0,""transactions"":513},""raw_service_time"":{""streaming_ns"":5130,""resident_ns"":1911760.0},""effective_service_interval"":{""streaming_ns"":5130,""resident_ns"":1911760.0},""rho"":24.951267056530217,""tau"":4.285056701678035,""rho_raw"":24.951267056530217,""tau_raw"":4.285056701678035,""numerical_service_qualification"":{""reference_service_status"":""approximate_signed_reference"",""workload_mapping_eligibility"":true,""nominal_diagnostic_level"":""ideal_calibrated_partial_sum_and_digital_reconstruction"",""quantization_induced_bias_assessed"":false,""diagnostic_path"":""05_rram/../shared_baseline/data/nominal_service_diagnostics.json"",""summary"":""Signed approximate mapping is structurally supported. The common nominal check reaches calibrated partial-sum algebra only; physical ADC quantization remains uninstantiated."",""eligibility_scope"":""structural_signed_INT8_approximate_mapping_requires_application_error_contract"",""universal_workload_accuracy_certified"":false,""physical_ADC_chain_status"":""not_instantiated_missing_transfer_or_calibration_codes"",""common_diagnostic_path"":""shared_baseline/data/nominal_service_diagnostics.json"",""common_diagnostic_section"":""cases"",""nominal_diagnostic_vectors"":15},""reference_service_status"":""approximate_signed_reference"",""workload_mapping_eligibility"":true,""mapping_eligibility_scope"":""structural_signed_INT8_approximate_mapping_requires_application_error_contract""}","{""generation"":""V4"",""implementation_id"":""V4_ns_rram_1t1r"",""config_id"":""ns_rram_1t1r__reference"",""K"":256,""N"":31,""status"":""conditional_rram_segmented_approx_Q4"",""accepted"":true,""precision_qualification"":""29-bit signed Q4 approximate; finite analog residuals, not exact INT8"",""implementation_identity"":{""hardware"":""ns_rram_1t1r"",""qualification"":""Segmented linear DC qualification and approximate Q4 output, stiff read-rail condition, generic reference device and successful bounded program-verify demand; not measured device statistics or ENOB."",""historical_identity_preserved"":true},""rho_MB_per_s"":4.928285437581403,""tau_MB_per_s"":14.588964391514335,""RI_star"":0.33780913472158025,""U_star"":10.472083176368988,""rate_basis"":""serial nonoverlap; historical V4, no periodic maintenance""}",Historical architecture/precision/range differ; no uniform tool-correction ratio and no input to V5 computation
old_NVM_background_only,06_mram,MRAM,256,32,complementary 2T2MTJ bitcell digital CIM; exact integer arithmetic conditional on correct storage/sensing,316.04938271604937,76.19047619047619,4.148148148148148,132.74074074074073,810,810,107520.0,"{""K"":256,""N"":32,""b_S"":1,""b_R"":1,""logical_capacity_Byte"":8192,""effective_logical_capacity_Byte"":8192,""physical_MTJs"":131072,""physical_storage_bits"":131072,""physical_capacity_Byte"":16384.0,""encoding"":""two complementary MTJs per binary weight bit; eight pairs per signed INT8 weight"",""signal_enhancement_replication"":1,""independent_service_units"":1,""physical_organization"":""64 native banks x 256 rows x four IBMD columns; two banks per INT8 output"",""output_container_bits"":24,""input_register_bits"":2048,""output_register_bits"":768,""update_payload_Byte"":8,""update_shape"":""one selected row x eight aligned INT8 outputs; sixteen banks, 64 complementary pairs"",""full_load_transactions"":1024,""resources"":{""installed_ibmd_bitcells"":65536,""native_ibmd_latch_stages"":65536,""active_differential_digitizers"":4096,""active_physical_MTJs"":8192,""read_tap_lanes"":4096,""tile_selection_mux_inputs_per_lane"":16,""weight_tile_register_bits"":4096,""weight_tile_register_banks"":1,""added_digital_AND_gates"":4096,""digital_output_lanes"":16,""active_input_rows"":32,""partial_sum_register_bits"":384,""capture_ticks_per_read"":1,""adc_count"":0,""write_domains"":1,""write_driver_lanes"":128,""write_driver_current_uA"":200,""write_SL_rating_mA"":25.6,""target_register_bits"":128,""absolute_verify_sense_lanes"":64,""verify_state_latch_bits"":128,""verify_comparators"":64,""streaming_update_overlap"":false},""display_conversion"":""average_update_ns_per_16KiB = T_R_ns * 16384 / logical_capacity_Byte; not a native request""}","{""payload_unit"":""Byte"",""transaction_service"":{""B_S_Byte"":256,""B_R_Byte"":8,""delta_S_ns"":810,""delta_R_ns"":105.0,""rho_Byte_per_s"":316049382.7160494,""tau_Byte_per_s"":76190476.1904762,""ridge"":4.148148148148148},""full_load"":{""logical_payload_Byte"":8192,""T_R_ns"":107520.0,""transactions"":1024},""raw_service_time"":{""streaming_ns"":810,""resident_ns"":107520.0},""effective_service_interval"":{""streaming_ns"":810,""resident_ns"":107520.0},""rho"":316.04938271604937,""tau"":76.19047619047619,""rho_raw"":316.04938271604937,""tau_raw"":76.19047619047619,""numerical_service_qualification"":{""reference_service_status"":""declared_reference"",""workload_mapping_eligibility"":true,""eligibility_scope"":""declared_logical_service_and_precision_contract"",""universal_workload_accuracy_certified"":false},""reference_service_status"":""declared_reference"",""workload_mapping_eligibility"":true,""mapping_eligibility_scope"":""declared_logical_service_and_precision_contract""}","{""generation"":""V5"",""implementation_id"":""mram_umem70nm_1t_binary65nm_k64n64_v1"",""config_id"":""mram_umem70nm_1t_binary65nm_k64n64_v1__reference"",""K"":64,""N"":64,""status"":""conditional"",""accepted"":true,""precision_qualification"":""binaryconditioned exactsignedINT8localarithmetic into25bitcontainer;deterministicanalogmodel,not siliconprecision/WER"",""implementation_identity"":{""material"":""CoFeB/MgO p-STT model-reference,UMEM1.0.1 parameterpackage"",""cell"":""1T1MTJ;fixedresistorreference perSA;ordinarybinarysense+localdigital"",""process"":""70nmsquareMTJ evidence/model;65nmLSTPCM OSreferenceperiphery;not same fabricatedmacro"",""physical_organization"":""8data banks64x64=32768MTJ;8bits/signedweight;2muxgroups;256binarySA/referencebranches"",""rails"":""gate1.1Vnative;read0.15Vatbankentry;writeBL/SL0or0.6Vatbankentry,current/IRcomputed;stablelocalrails"",""power_return"":""Eachbank:2umx1umuppermetalreturncolumns plusactualrowlengthcommonstrap,rho2.2e-8Ωm;independent quietreference return;parallelplate/fringe coupling entersnativeC;notchipPDNsignoff"",""read"":""PerSA12kohm passiveR +nativeTGisolation+matchedC;data/refbothOFFduringlow-railprecharge;nativeVSAdecisionlatch""},""rho_MB_per_s"":0.398505603985056,""tau_MB_per_s"":1.2902412902412903,""RI_star"":0.308861301369863,""U_star"":19.76712328767123,""rate_basis"":""serial nonoverlap, no periodic maintenance""}",Historical architecture/precision/range differ; no uniform tool-correction ratio and no input to V5 computation
old_NVM_background_only,07_pcm,PCM,256,128,8-plane binary/SLC voltage-mode approximate ACIM; one native256x1024bank;8activeWL,2.4997558832145295,6.874328678839956,0.36363636363636365,46.54545454545455,102410,102410,4766720.0,"{""n_in"":256,""n_out"":128,""K"":256,""N"":128,""b_S"":1,""b_R"":1,""B_S_Byte"":256,""resident_capacity_Byte"":32768,""output_count"":128,""output_container_bits"":24,""input_register_bits"":2048,""output_register_bits"":3072,""logical_capacity_Byte"":32768,""physical_capacity_bit"":262144,""physical_capacity_Byte"":32768,""physical_cells_per_weight"":8,""native_bank_rows"":256,""native_bank_columns"":1024,""physical_banks"":1,""mode"":""8-plane binary/SLC voltage-mode approximate ACIM; one native256x1024bank;8activeWL"",""update_mode"":""wholematrix1024aligned32Brow-stripedtransactions"",""resources"":{""ADC_count"":128,""ADC_per_plane"":16,""digital_output_channels"":16,""active_rows"":8,""IDAC_count"":32,""RESET_current_rating_mA"":22.4,""SET_current_rating_mA"":4,""transaction_buffer_bits"":256,""mask_done_bits"":32,""input_register_bits"":2048,""output_register_bits"":3072,""mode_gate_mux_per_cell"":false,""column_mode_isolation_channels"":1024,""compute_WL_lines"":256,""shared_return_RESET_rating_mA"":22.4,""shared_return_SET_rating_mA"":4,""plane_isolation"":true,""write_interface_bits"":128,""update_domains"":1,""verify_mode"":""single_row_endpoint_verify""},""effective_logical_capacity_Byte"":32768}","{""payload_unit"":""Byte"",""transaction_service"":{""B_S_Byte"":256,""B_R_Byte"":32,""delta_S_ns"":102410,""delta_R_ns"":4655.0,""rho_Byte_per_s"":2499755.8832145296,""tau_Byte_per_s"":6874328.678839956,""ridge"":0.36363636363636365},""full_load"":{""logical_payload_Byte"":32768,""T_R_ns"":4766720.0},""raw_service_time"":{""streaming_ns"":102410,""resident_ns"":4766720.0},""effective_service_interval"":{""streaming_ns"":102410,""resident_ns"":4766720.0},""rho"":2.4997558832145295,""tau"":6.874328678839956,""rho_raw"":2.4997558832145295,""tau_raw"":6.874328678839956,""numerical_service_qualification"":{""reference_service_status"":""approximate_signed_reference"",""workload_mapping_eligibility"":true,""nominal_diagnostic_level"":""ideal_calibrated_partial_sum_and_digital_reconstruction"",""quantization_induced_bias_assessed"":false,""diagnostic_path"":""07_pcm/../shared_baseline/data/nominal_service_diagnostics.json"",""summary"":""Signed approximate mapping is structurally supported. The common nominal check reaches calibrated partial-sum algebra only; physical ADC quantization remains uninstantiated."",""eligibility_scope"":""structural_signed_INT8_approximate_mapping_requires_application_error_contract"",""universal_workload_accuracy_certified"":false,""physical_ADC_chain_status"":""not_instantiated_missing_transfer_or_calibration_codes"",""common_diagnostic_path"":""shared_baseline/data/nominal_service_diagnostics.json"",""common_diagnostic_section"":""cases"",""nominal_diagnostic_vectors"":15},""reference_service_status"":""approximate_signed_reference"",""workload_mapping_eligibility"":true,""mapping_eligibility_scope"":""structural_signed_INT8_approximate_mapping_requires_application_error_contract""}","{""generation"":""V5"",""implementation_id"":""pcm_tst_fullHV130_3um_1t1r_binary128sa_k128n16_v2"",""config_id"":""pcm_tst_fullHV130_3um_1t1r_binary128sa_k128n16_v2__reference"",""K"":128,""N"":16,""status"":""conditional"",""accepted"":true,""precision_qualification"":""25bit exact arithmetic conditional on binary sensing/storage; no silicon yield/offset/noise guarantee"",""implementation_identity"":{""material"":""Ti0.4Sb2Te3 source40nm/BEC35nm state/pulse evidence"",""cell"":""1T1R with actualSKY130HV3um/.5umaccess; all16384cellsHVrated, notold45nmaccess"",""periphery"":""130nmLSTP LVdecoder/SenseAmp/hold/digital behindHVreadisolation; sourceHVlevelshift+drivers+return"",""read"":""All128columnsand128references inonephysicalread perrow; matchedreferenceC/no readMUX; nominalvoltage-sense qualification"",""program"":""16physicalcurrentlanes,completeRESETallcellsandmaskedSETreservedslots;allcolumnsreturnedreadsafe beforefinalverify"",""range"":""Fixedgeometry/resources; same-sourcepulsepolicies20/100,50/200,100/1000ns; selectedsuccessfulworkingcells only""},""rho_MB_per_s"":0.24623819341152528,""tau_MB_per_s"":2.195677120867277,""RI_star"":0.11214681387865577,""U_star"":1.7943490220584921,""rate_basis"":""serial nonoverlap, no periodic maintenance""}",Historical architecture/precision/range differ; no uniform tool-correction ratio and no input to V5 computation
old_NVM_background_only,08_feram_hfo2,HfO₂ FeRAM,128,128,"HZO 1T1C binary memory with local exact-integer digital CIM, existing 4096-bit read-code register reused across 8 input bits, destructive full activated-row writeback",26.611226611226606,106.66666666666666,0.24948024948024947,31.933471933471935,4810,4810,153600.0,"{""K"":128,""N"":128,""b_S"":1,""b_R"":1,""effective_capacity_Byte"":16384,""physical_capacity"":{""data_FeCAP_cells"":131072,""data_bits"":131072,""local_reference_capacitors"":4096,""encoding"":""one binary FeCAP per bit;8 cells per INT8;no duplicate weights"",""shards"":32,""rows_per_shard"":32,""row_bits"":128},""necessary_encoding"":""binary two-complement weight bit planes distributed across local row"",""independent_payload_replicas"":1,""output_bits"":23,""configuration_kind"":""engineering local organization retaining measured HZO 1T1C mechanism; not source chip floorplan"",""update_mode"":""one aligned128bit local row external overwrite;1024 row transactions complete matrix"",""resources"":{""sense_amplifiers"":4096,""adc"":0,""operand_hold_bits"":4096,""hold_banks"":1,""hold_source"":""existing_capture"",""digital_lanes"":16,""digital_terms_per_round"":32,""external_target_BL_drivers"":128,""internal_restore_BL_drivers"":4096,""read_restore_PL_domains"":32,""external_update_domains"":1,""encoded_interface_bits"":128},""effective_logical_capacity_Byte"":16384,""read_schedule"":""group_then_all_input_bits""}","{""payload_unit"":""Byte"",""transaction_service"":{""B_S_Byte"":128,""B_R_Byte"":16.0,""delta_S_ns"":4810,""delta_R_ns"":150.0,""rho_Byte_per_s"":26611226.611226607,""tau_Byte_per_s"":106666666.66666666,""ridge"":0.24948024948024947},""full_load"":{""logical_payload_Byte"":16384,""T_R_ns"":153600.0},""raw_service_time"":{""streaming_ns"":4810,""resident_ns"":153600.0},""effective_service_interval"":{""streaming_ns"":4810,""resident_ns"":153600.0},""rho"":26.611226611226606,""tau"":106.66666666666666,""rho_raw"":26.611226611226606,""tau_raw"":106.66666666666666,""numerical_service_qualification"":{""reference_service_status"":""declared_reference"",""workload_mapping_eligibility"":true,""eligibility_scope"":""declared_logical_service_and_precision_contract"",""universal_workload_accuracy_certified"":false},""reference_service_status"":""declared_reference"",""workload_mapping_eligibility"":true,""mapping_eligibility_scope"":""declared_logical_service_and_precision_contract""}","{""generation"":""V5"",""implementation_id"":""feram_hzo1t1c_HV130_k32n16_128restore_dwell100_v1"",""config_id"":""feram_hzo1t1c_HV130_k32n16_128restore_dwell100_v1__reference"",""K"":32,""N"":16,""status"":""conditional"",""accepted"":true,""precision_qualification"":""25bitexactlocalarithmetic conditionalonbinarypolarizationsense;notmeasuredarrayaccuracy"",""implementation_identity"":{""material"":""TiN/HZO11nm/TiN,1um2,sourceFERAM03"",""cell"":""Destructive1T1C remanentpolarization;actualHV3um/.5access"",""array"":""32x128bits/128SA/reference/128realrestoreandexternalwritepaths;globalPLwithunselectedfloatingcapload"",""periphery"":""130nmLVvoltageSenseAmp/hold/digital behindratedHVports"",""precision"":""NominalbinaryconditionedexactINT8arithmetic25bit,notENOBorsiliconprecision"",""read_policy"":""100nsextradwellaftercalculatedstablebias;distinctfromsourcemeasuredfull100nsoperation""},""rho_MB_per_s"":0.2386334287623562,""tau_MB_per_s"":36.994219653179194,""RI_star"":0.006450559871232441,""U_star"":0.10320895793971906,""rate_basis"":""serial nonoverlap, no periodic maintenance""}",Historical architecture/precision/range differ; no uniform tool-correction ratio and no input to V5 computation
old_NVM_background_only,09_gain_cell_edram,Gain-cell eDRAM,64,64,ACIM_binary_endpoints_pseudodifferential_3T1C,13.625671946857434,166.659,0.08175779253960143,5.232498722534491,3914,4697.016062738886,24577.130548005207,"{""K"":64,""N"":64,""b_S"":1,""b_R"":1,""effective_capacity_Byte"":4096,""physical_capacity"":{""gain_cells"":65536,""pseudodifferential_pairs"":32768,""tiles"":8,""tile_pair_rows"":64,""tile_pair_columns"":64},""necessary_encoding"":""8binary endpoint planes;eachbit two3T1C cells with(700,0) or(0,700)nA;no logical duplication"",""independent_payload_replicas"":1,""output_bits"":22,""update_mode"":""16 aligned INT8 Bytes per transaction; 256 transactions complete matrix"",""resources"":{""differential_ADC"":128,""ADC_per_weight_plane"":16,""analog_integration_fF_per_branch"":200,""analog_integration_total_pF"":51.2,""digital_output_lanes"":16,""digital_ticks_per_reconstruction"":2,""write_pair_drivers"":128,""write_branches"":256,""encoded_interface_bits"":128,""refresh_sign_decoders"":128,""refresh_code_hold_bits"":128,""full_matrix_shadow_bits"":0,""input_register_bits"":512,""output_register_bits"":1408},""native_rationale"":""GC-04measured64x64pair local load;8bit planes encodeone64x64INT8matrix without unnecessary2x2 spatial expansion"",""effective_logical_capacity_Byte"":4096,""compute_release_policy"":""early_release""}","{""payload_unit"":""Byte"",""transaction_service"":{""B_S_Byte"":64,""B_R_Byte"":16,""delta_S_ns"":4697.016062738886,""delta_R_ns"":96.00441620314534,""rho_Byte_per_s"":13625671.946857434,""tau_Byte_per_s"":166659000.0,""ridge"":0.08175779253960143},""full_load"":{""logical_Byte"":4096,""transactions"":256,""raw_service_ns"":20480,""average_service_with_reserved_refresh_ns"":24577.130548005207,""logical_payload_Byte"":4096,""T_R_ns"":24577.130548005207},""raw_service_time"":{""streaming_ns"":3914,""resident_ns"":20480},""effective_service_interval"":{""streaming_ns"":4697.016062738886,""resident_ns"":24577.130548005207},""rho"":13.625671946857434,""tau"":166.659,""rho_raw"":16.351558507920284,""tau_raw"":200.0,""numerical_service_qualification"":{""reference_service_status"":""approximate_signed_reference"",""workload_mapping_eligibility"":true,""eligibility_scope"":""structural_signed_INT8_approximate_mapping_requires_application_error_contract"",""universal_workload_accuracy_certified"":false,""nominal_diagnostic_level"":""declared_ideal_current_integration_ADC_and_finite_reconstruction"",""quantization_induced_bias_assessed"":true,""physical_ADC_chain_status"":""instantiated_for_ideal_declared_transfer"",""common_diagnostic_path"":""shared_baseline/data/nominal_service_diagnostics.json"",""common_diagnostic_section"":""cases"",""nominal_diagnostic_vectors"":15},""reference_service_status"":""approximate_signed_reference"",""workload_mapping_eligibility"":true,""mapping_eligibility_scope"":""structural_signed_INT8_approximate_mapping_requires_application_error_contract""}","{""generation"":""V5"",""implementation_id"":""gc04_silicon65_3t1c_complementary_k64n16_q4_v1"",""config_id"":""gc04_silicon65_3t1c_complementary_k64n16_q4_v1__reference"",""K"":64,""N"":16,""status"":""conditional"",""accepted"":true,""precision_qualification"":""nominal analogapproximate signedINT8mapping,Q4 in32bitcontainer;not exactINT8or measuredENOB; final arithmeticshift truncates atmost1/32 outputunit"",""implementation_identity"":{""material"":""volatile silicon CMOS current-programmed dynamic-cascode gain-cellGC04"",""cell"":""10fF MOM3T1C,HVTmain/LVTcascode,pseudo-differentialpair"",""organization"":""8planes×2rowhalf×1outputbank×32rows×16pairs=16384cells;128pairports shared2banks;256single-ended11bitSAR"",""read"":""pairbranch currentintegration;two actualADCcodes subtracted;nativearray/ADC isolation withCDACconnected duringintegration"",""write"":""128pair independent replicated full current-feedback engines,50fF qualifiedcolumn;newselector/route separatelycounted"",""process"":""65nmperipheralmodel353K;sourceFF80C retentioncompactcondition;feedbackwrite measurementtemperatureunspecified"",""encoding"":""complementarybits(2b−1),two’scomplementweightplanes;real16bitXsumandfinalcorrection;nofreezero-statehold""},""rho_MB_per_s"":0.19912881144990666,""tau_MB_per_s"":8.238870016092028,""RI_star"":0.024169432344602046,""U_star"":0.38671091751363273,""rate_basis"":""long-term event schedule""}",Historical architecture/precision/range differ; no uniform tool-correction ratio and no input to V5 computation
old_NVM_background_only,10_fenor_3d,3D vertical AND FeFET (2026),128,128,binary 3D vertical AND FeFET; digital local CIM,46.88644688644688,60.37735849056604,0.7765567765567766,99.3992673992674,2730,2730,271360.0,"{""K"":128,""N"":128,""b_S"":1,""b_R"":1,""logical_capacity_Byte"":16384,""effective_logical_capacity_Byte"":16384,""physical_cells"":131072,""physical_storage_bits"":131072,""physical_capacity_Byte"":16384.0,""encoding"":""eight binary FeFET cells per signed INT8 weight; two-complement sign in digital reduction"",""signal_enhancement_replication"":1,""weight_planes"":8,""independent_service_units"":1,""physical_organization"":""32 lateral row lanes x 64 local strips x (4 layers x 16 BL/SL column pairs)"",""output_container_bits"":23,""input_register_bits"":1024,""output_register_bits"":2944,""update_payload_Byte"":16,""update_shape"":""one input index x sixteen aligned outputs; all eight binary planes together"",""full_load_transactions"":1024,""resources"":{""binary_sense_nodes"":4096,""sense_bits_per_read"":4096,""adc_count"":0,""weight_tile_register_bits"":4096,""weight_tile_register_banks"":1,""digital_output_lanes"":16,""active_input_rows"":32,""partial_sum_register_bits"":368,""capture_ticks_per_read"":1,""encoded_update_register_bits"":128,""write_compare_lanes"":16,""write_domains"":1,""parallel_write_cells"":128,""parallel_write_strips"":8,""driven_bias_nodes"":288,""installed_slew_current_uA_per_node"":60,""installed_supply_current_mA"":17.28,""streaming_update_overlap"":false},""maintenance"":""no periodic refresh or destructive restore; local service only"",""display_conversion"":""average_update_ns_per_16KiB = T_R_ns * 16384 / logical_capacity_Byte""}","{""payload_unit"":""Byte"",""transaction_service"":{""B_S_Byte"":128,""B_R_Byte"":16,""delta_S_ns"":2730,""delta_R_ns"":265.0,""rho_Byte_per_s"":46886446.886446886,""tau_Byte_per_s"":60377358.49056604,""ridge"":0.7765567765567766},""full_load"":{""logical_payload_Byte"":16384,""T_R_ns"":271360.0,""transactions"":1024},""raw_service_time"":{""streaming_ns"":2730,""resident_ns"":271360.0},""effective_service_interval"":{""streaming_ns"":2730,""resident_ns"":271360.0},""rho"":46.88644688644688,""tau"":60.37735849056604,""rho_raw"":46.88644688644688,""tau_raw"":60.37735849056604,""numerical_service_qualification"":{""reference_service_status"":""declared_reference"",""workload_mapping_eligibility"":true,""eligibility_scope"":""declared_logical_service_and_precision_contract"",""universal_workload_accuracy_certified"":false},""reference_service_status"":""declared_reference"",""workload_mapping_eligibility"":true,""mapping_eligibility_scope"":""declared_logical_service_and_precision_contract""}","{""generation"":""V5"",""implementation_id"":""fenor3d_fourlayer_32lane_k128n16_active_mux2_v1"",""config_id"":""fenor3d_fourlayer_32lane_k128n16_active_mux2_v1__reference"",""K"":128,""N"":16,""status"":""conditional"",""accepted"":true,""precision_qualification"":""conditionedbinarythresholdthenexactINT8digital25bit;noENOB/yield/STAclaim"",""implementation_identity"":{""material"":""6nmSLHZO/4nmOpoorIGOverticalANDFeFET,4layers"",""physical"":""4layers×32independentlaterallanes×128binarycolumns=16384cells;oneactivelayeratatime,layercountiscapacity"",""read"":""source-derivedEKVstateport+nativeMOSactivebias/resistorreference+nativeVSA;2048parallelbinarysenses,two64columnreadgroupsperlayer"",""write"":""128-bitlogicalrowtarget;explicitbipolarHVgate/BL/SLcontrol,halfselectinhibit,material±2V20ns,perrowverify"",""process"":""source50nmchannelgeometry;65nm300Knativeperiphery+fixedSKY130HVportgeometry;model-reference,notonefabricatedchip""},""rho_MB_per_s"":0.5360134003350084,""tau_MB_per_s"":6.146458583433374,""RI_star"":0.08720686767169179,""U_star"":1.3953098827470685,""rate_basis"":""serial nonoverlap, no periodic maintenance""}",Historical architecture/precision/range differ; no uniform tool-correction ratio and no input to V5 computation
