case_id,K,N,B_S_Byte,B_R_Byte,bytes_per_input,bytes_per_weight,timing_min_period_ns,actual_period_ns,raw_delta_S_ns,raw_T_R_ns,effective_delta_S_ns,effective_T_R_ns,availability,rho_Byte_per_s,tau_Byte_per_s,RI_star,U_star,rho_MBps,tau_MBps,result_path,input_path,scenario,feasible,scenario_parameters,scenario_input_path
01_sram_acim,128,128,128,16384,1,1,3.2788670599417897,5.0,2250.0,5120.0,2250.0,5120.0,1.0,56888888.88888889,3200000000.0,0.017777777777777778,2.2755555555555556,56.888888888888886,3200.0,analysis/01_sram_acim/scenarios/optimistic/result.json,analysis/01_sram_acim/input.json,optimistic,True,"{""charge_front"": {""consumers"": [""streaming:charge_front""], ""evidence_kind"": ""conditional_adapted_frontend_budget"", ""json_pointer"": ""/scenarios/0/frontend_complete_ns"", ""source_file_sha256"": ""20e0696dde1a60ef2289f7ee9b8c1796235830b17694fc8700f8bca4f1502bd2"", ""source_unit"": ""ns"", ""source_value"": 10, ""value_ns"": 10.0}, ""sram_write_cycle"": {""consumers"": [""resident:sram_write""], ""evidence_kind"": ""cross_macro_complete_cycle_budget"", ""json_pointer"": ""/scenarios/0/complete_memory_cycle_ns"", ""source_file_sha256"": ""20e0696dde1a60ef2289f7ee9b8c1796235830b17694fc8700f8bca4f1502bd2"", ""source_unit"": ""ns"", ""source_value"": 2.2, ""value_ns"": 2.2}}",analysis/01_sram_acim/scenarios.json
01_sram_acim,128,128,128,16384,1,1,3.2788670599417897,5.0,2890.0,5120.0,2890.0,5120.0,1.0,44290657.43944637,3200000000.0,0.01384083044982699,1.7716262975778547,44.29065743944637,3200.0,analysis/01_sram_acim/scenarios/reference/result.json,analysis/01_sram_acim/input.json,reference,True,"{""charge_front"": {""consumers"": [""streaming:charge_front""], ""evidence_kind"": ""conditional_adapted_frontend_budget"", ""json_pointer"": ""/scenarios/1/frontend_complete_ns"", ""source_file_sha256"": ""20e0696dde1a60ef2289f7ee9b8c1796235830b17694fc8700f8bca4f1502bd2"", ""source_unit"": ""ns"", ""source_value"": 20, ""value_ns"": 20.0}, ""sram_write_cycle"": {""consumers"": [""resident:sram_write""], ""evidence_kind"": ""cross_macro_complete_cycle_budget"", ""json_pointer"": ""/scenarios/1/complete_memory_cycle_ns"", ""source_file_sha256"": ""20e0696dde1a60ef2289f7ee9b8c1796235830b17694fc8700f8bca4f1502bd2"", ""source_unit"": ""ns"", ""source_value"": 5, ""value_ns"": 5.0}}",analysis/01_sram_acim/scenarios.json
01_sram_acim,128,128,128,16384,1,1,3.2788670599417897,5.0,4810.0,10240.0,4810.0,10240.0,1.0,26611226.61122661,1600000000.0,0.016632016632016633,2.128898128898129,26.61122661122661,1600.0,analysis/01_sram_acim/scenarios/pessimistic/result.json,analysis/01_sram_acim/input.json,pessimistic,True,"{""charge_front"": {""consumers"": [""streaming:charge_front""], ""evidence_kind"": ""conditional_adapted_frontend_budget"", ""json_pointer"": ""/scenarios/2/frontend_complete_ns"", ""source_file_sha256"": ""20e0696dde1a60ef2289f7ee9b8c1796235830b17694fc8700f8bca4f1502bd2"", ""source_unit"": ""ns"", ""source_value"": 50, ""value_ns"": 50.00000000000001}, ""sram_write_cycle"": {""consumers"": [""resident:sram_write""], ""evidence_kind"": ""cross_macro_complete_cycle_budget"", ""json_pointer"": ""/scenarios/2/complete_memory_cycle_ns"", ""source_file_sha256"": ""20e0696dde1a60ef2289f7ee9b8c1796235830b17694fc8700f8bca4f1502bd2"", ""source_unit"": ""ns"", ""source_value"": 10, ""value_ns"": 10.0}}",analysis/01_sram_acim/scenarios.json
02_sram_dcim,128,16,128,2048,1,1,2.6160692818051587,5.0,290.0,640.0,290.0,640.0,1.0,441379310.3448276,3200000000.0,0.13793103448275862,2.206896551724138,441.3793103448276,3200.0,analysis/02_sram_dcim/scenarios/optimistic/result.json,analysis/02_sram_dcim/input.json,optimistic,True,"{""native_mac_cycle"": {""consumers"": [""streaming:native_mac""], ""evidence_kind"": ""measured_anchor_plus_engineering_windows"", ""json_pointer"": ""/scenarios/0/complete_compute_round_ns"", ""source_file_sha256"": ""6ed6cce0aad59067d6ba4f7b7211c1a20f81de0fbcce6d7da07b97a2aea93400"", ""source_unit"": ""ns"", ""source_value"": 4.3, ""value_ns"": 4.300000000000001}, ""sram_write_cycle"": {""consumers"": [""resident:sram_write""], ""evidence_kind"": ""cross_macro_complete_cycle_budget"", ""json_pointer"": ""/scenarios/0/complete_memory_cycle_ns"", ""source_file_sha256"": ""6ed6cce0aad59067d6ba4f7b7211c1a20f81de0fbcce6d7da07b97a2aea93400"", ""source_unit"": ""ns"", ""source_value"": 2.2, ""value_ns"": 2.2}}",analysis/02_sram_dcim/scenarios.json
02_sram_dcim,128,16,128,2048,1,1,2.6160692818051587,5.0,330.0,640.0,330.0,640.0,1.0,387878787.8787879,3200000000.0,0.12121212121212122,1.9393939393939394,387.8787878787879,3200.0,analysis/02_sram_dcim/scenarios/reference/result.json,analysis/02_sram_dcim/input.json,reference,True,"{""native_mac_cycle"": {""consumers"": [""streaming:native_mac""], ""evidence_kind"": ""measured_anchor_plus_engineering_windows"", ""json_pointer"": ""/scenarios/1/complete_compute_round_ns"", ""source_file_sha256"": ""6ed6cce0aad59067d6ba4f7b7211c1a20f81de0fbcce6d7da07b97a2aea93400"", ""source_unit"": ""ns"", ""source_value"": 5, ""value_ns"": 5.0}, ""sram_write_cycle"": {""consumers"": [""resident:sram_write""], ""evidence_kind"": ""cross_macro_complete_cycle_budget"", ""json_pointer"": ""/scenarios/1/complete_memory_cycle_ns"", ""source_file_sha256"": ""6ed6cce0aad59067d6ba4f7b7211c1a20f81de0fbcce6d7da07b97a2aea93400"", ""source_unit"": ""ns"", ""source_value"": 5, ""value_ns"": 5.0}}",analysis/02_sram_dcim/scenarios.json
02_sram_dcim,128,16,128,2048,1,1,2.6160692818051587,5.0,650.0,1280.0,650.0,1280.0,1.0,196923076.92307693,1600000000.0,0.12307692307692308,1.9692307692307693,196.92307692307693,1600.0,analysis/02_sram_dcim/scenarios/pessimistic/result.json,analysis/02_sram_dcim/input.json,pessimistic,True,"{""native_mac_cycle"": {""consumers"": [""streaming:native_mac""], ""evidence_kind"": ""measured_anchor_plus_engineering_windows"", ""json_pointer"": ""/scenarios/2/complete_compute_round_ns"", ""source_file_sha256"": ""6ed6cce0aad59067d6ba4f7b7211c1a20f81de0fbcce6d7da07b97a2aea93400"", ""source_unit"": ""ns"", ""source_value"": 10, ""value_ns"": 10.0}, ""sram_write_cycle"": {""consumers"": [""resident:sram_write""], ""evidence_kind"": ""cross_macro_complete_cycle_budget"", ""json_pointer"": ""/scenarios/2/complete_memory_cycle_ns"", ""source_file_sha256"": ""6ed6cce0aad59067d6ba4f7b7211c1a20f81de0fbcce6d7da07b97a2aea93400"", ""source_unit"": ""ns"", ""source_value"": 10, ""value_ns"": 10.0}}",analysis/02_sram_dcim/scenarios.json
03_nor_2d,128,128,128,16384,1,1,8.380406816741893,8.5,5457.0,205609968.0,5457.0,205609968.0,1.0,23456111.416529227,79684.85263321474,294.3609813084112,37678.20560747664,23.45611141652923,0.07968485263321474,analysis/03_nor_2d/scenarios/optimistic/result.json,analysis/03_nor_2d/input.json,optimistic,True,"{""nor_read"": {""consumers"": [""streaming:binary_read"", ""backend:MAC_preselection_native_lead""], ""evidence_kind"": ""datasheet_read_grade_engineering_transfer"", ""json_pointer"": ""/scenarios/0/read_full_ns"", ""source_file_sha256"": ""d68f26feb5854343be77fb478da27aa63fbfef09a7ad866c4142473a0492db0f"", ""source_unit"": ""ns"", ""source_value"": 100, ""value_ns"": 100.00000000000001}, ""page_program"": {""consumers"": [""resident:page_program""], ""evidence_kind"": ""datasheet_complete_typical_maximum"", ""json_pointer"": ""/scenarios/0/page_program_ms"", ""source_file_sha256"": ""d68f26feb5854343be77fb478da27aa63fbfef09a7ad866c4142473a0492db0f"", ""source_unit"": ""ms"", ""source_value"": 0.4, ""value_ns"": 400000.0}, ""sector_erase"": {""consumers"": [""resident:sector_erase.complete_cycle""], ""evidence_kind"": ""datasheet_complete_typical_maximum"", ""json_pointer"": ""/scenarios/0/sector_erase_ms"", ""source_file_sha256"": ""d68f26feb5854343be77fb478da27aa63fbfef09a7ad866c4142473a0492db0f"", ""source_unit"": ""ms"", ""source_value"": 45, ""value_ns"": 45000000.0}}",analysis/03_nor_2d/scenarios.json
03_nor_2d,128,128,128,16384,1,1,8.380406816741893,8.5,6273.0,205609968.0,6273.0,205609968.0,1.0,20404909.931452256,79684.85263321474,256.0701219512195,32776.9756097561,20.404909931452256,0.07968485263321474,analysis/03_nor_2d/scenarios/reference/result.json,analysis/03_nor_2d/input.json,reference,True,"{""nor_read"": {""consumers"": [""streaming:binary_read"", ""backend:MAC_preselection_native_lead""], ""evidence_kind"": ""datasheet_read_grade_engineering_transfer"", ""json_pointer"": ""/scenarios/1/read_full_ns"", ""source_file_sha256"": ""d68f26feb5854343be77fb478da27aa63fbfef09a7ad866c4142473a0492db0f"", ""source_unit"": ""ns"", ""source_value"": 120, ""value_ns"": 120.00000000000001}, ""page_program"": {""consumers"": [""resident:page_program""], ""evidence_kind"": ""datasheet_complete_typical_maximum"", ""json_pointer"": ""/scenarios/1/page_program_ms"", ""source_file_sha256"": ""d68f26feb5854343be77fb478da27aa63fbfef09a7ad866c4142473a0492db0f"", ""source_unit"": ""ms"", ""source_value"": 0.4, ""value_ns"": 400000.0}, ""sector_erase"": {""consumers"": [""resident:sector_erase.complete_cycle""], ""evidence_kind"": ""datasheet_complete_typical_maximum"", ""json_pointer"": ""/scenarios/1/sector_erase_ms"", ""source_file_sha256"": ""d68f26feb5854343be77fb478da27aa63fbfef09a7ad866c4142473a0492db0f"", ""source_unit"": ""ms"", ""source_value"": 45, ""value_ns"": 45000000.0}}",analysis/03_nor_2d/scenarios.json
03_nor_2d,128,128,128,16384,1,1,8.380406816741893,8.5,6545.0,1792010324.0,6545.0,1792010324.0,1.0,19556913.674560733,9142.804469691213,2139.0497564935067,273798.36883116886,19.556913674560732,0.009142804469691212,analysis/03_nor_2d/scenarios/pessimistic/result.json,analysis/03_nor_2d/input.json,pessimistic,True,"{""nor_read"": {""consumers"": [""streaming:binary_read"", ""backend:MAC_preselection_native_lead""], ""evidence_kind"": ""datasheet_read_grade_engineering_transfer"", ""json_pointer"": ""/scenarios/2/read_full_ns"", ""source_file_sha256"": ""d68f26feb5854343be77fb478da27aa63fbfef09a7ad866c4142473a0492db0f"", ""source_unit"": ""ns"", ""source_value"": 130, ""value_ns"": 130.0}, ""page_program"": {""consumers"": [""resident:page_program""], ""evidence_kind"": ""datasheet_complete_typical_maximum"", ""json_pointer"": ""/scenarios/2/page_program_ms"", ""source_file_sha256"": ""d68f26feb5854343be77fb478da27aa63fbfef09a7ad866c4142473a0492db0f"", ""source_unit"": ""ms"", ""source_value"": 3, ""value_ns"": 3000000.0}, ""sector_erase"": {""consumers"": [""resident:sector_erase.complete_cycle""], ""evidence_kind"": ""datasheet_complete_typical_maximum"", ""json_pointer"": ""/scenarios/2/sector_erase_ms"", ""source_file_sha256"": ""d68f26feb5854343be77fb478da27aa63fbfef09a7ad866c4142473a0492db0f"", ""source_unit"": ""ms"", ""source_value"": 400, ""value_ns"": 400000000.0}}",analysis/03_nor_2d/scenarios.json
04_nand_3d,4608,240,4608,1105920,1,1,8.858794040111784,9.0,582030.0,1923284070.0,582030.0,1923284070.0,1.0,7917117.674346684,575016.4612968484,13.768506133704449,3304.4414720890677,7.917117674346684,0.5750164612968484,analysis/04_nand_3d/scenarios/optimistic/result.json,analysis/04_nand_3d/input.json,optimistic,True,"{""block_erase"": {""consumers"": [""resident:block_erase""], ""evidence_kind"": ""datasheet_complete_typical_maximum"", ""json_pointer"": ""/design_choices/erase_full_budget_ms_by_profile/short"", ""source_file_sha256"": ""4b700c15f2568eb117f43ce762eb523bfff3eab77c519a3a581cb67f4c75f773"", ""source_unit"": ""ms"", ""source_value"": 1, ""value_ns"": 1000000.0}, ""page_program"": {""consumers"": [""resident:page_program_data"", ""resident:page_program_reference""], ""evidence_kind"": ""datasheet_complete_typical_maximum"", ""json_pointer"": ""/design_choices/program_full_budget_us_by_profile/short"", ""source_file_sha256"": ""4b700c15f2568eb117f43ce762eb523bfff3eab77c519a3a581cb67f4c75f773"", ""source_unit"": ""us"", ""source_value"": 300, ""value_ns"": 300000.0}, ""sl_setup"": {""consumers"": [""streaming:native_bl_sl"", ""resident:calibration_bl_sl""], ""evidence_kind"": ""source_model_range_and_midpoint"", ""json_pointer"": ""/design_choices/sl_setup_budget_ns_by_profile/short"", ""source_file_sha256"": ""4b700c15f2568eb117f43ce762eb523bfff3eab77c519a3a581cb67f4c75f773"", ""source_unit"": ""ns"", ""source_value"": 530, ""value_ns"": 530.0}}",analysis/04_nand_3d/scenarios.json
04_nand_3d,4608,240,4608,1105920,1,1,8.858794040111784,9.0,685710.0,1923285366.0,685710.0,1923285366.0,1.0,6720042.000262502,575016.073823753,11.686702870017939,2804.808688804305,6.720042000262501,0.5750160738237531,analysis/04_nand_3d/scenarios/reference/result.json,analysis/04_nand_3d/input.json,reference,True,"{""block_erase"": {""consumers"": [""resident:block_erase""], ""evidence_kind"": ""datasheet_complete_typical_maximum"", ""json_pointer"": ""/design_choices/erase_full_budget_ms_by_profile/reference"", ""source_file_sha256"": ""4b700c15f2568eb117f43ce762eb523bfff3eab77c519a3a581cb67f4c75f773"", ""source_unit"": ""ms"", ""source_value"": 1, ""value_ns"": 1000000.0}, ""page_program"": {""consumers"": [""resident:page_program_data"", ""resident:page_program_reference""], ""evidence_kind"": ""datasheet_complete_typical_maximum"", ""json_pointer"": ""/design_choices/program_full_budget_us_by_profile/reference"", ""source_file_sha256"": ""4b700c15f2568eb117f43ce762eb523bfff3eab77c519a3a581cb67f4c75f773"", ""source_unit"": ""us"", ""source_value"": 300, ""value_ns"": 300000.0}, ""sl_setup"": {""consumers"": [""streaming:native_bl_sl"", ""resident:calibration_bl_sl""], ""evidence_kind"": ""source_model_range_and_midpoint"", ""json_pointer"": ""/design_choices/sl_setup_budget_ns_by_profile/reference"", ""source_file_sha256"": ""4b700c15f2568eb117f43ce762eb523bfff3eab77c519a3a581cb67f4c75f773"", ""source_unit"": ""ns"", ""source_value"": 640, ""value_ns"": 640.0}}",analysis/04_nand_3d/scenarios.json
04_nand_3d,4608,240,4608,1105920,1,1,8.858794040111784,9.0,789390.0,3926468223.0,789390.0,3926468223.0,1.0,5837418.766389238,281657.6977554213,20.725223606202256,4974.053665488542,5.837418766389238,0.28165769775542127,analysis/04_nand_3d/scenarios/pessimistic/result.json,analysis/04_nand_3d/input.json,pessimistic,True,"{""block_erase"": {""consumers"": [""resident:block_erase""], ""evidence_kind"": ""datasheet_complete_typical_maximum"", ""json_pointer"": ""/design_choices/erase_full_budget_ms_by_profile/long"", ""source_file_sha256"": ""4b700c15f2568eb117f43ce762eb523bfff3eab77c519a3a581cb67f4c75f773"", ""source_unit"": ""ms"", ""source_value"": 3.5, ""value_ns"": 3500000.0}, ""page_program"": {""consumers"": [""resident:page_program_data"", ""resident:page_program_reference""], ""evidence_kind"": ""datasheet_complete_typical_maximum"", ""json_pointer"": ""/design_choices/program_full_budget_us_by_profile/long"", ""source_file_sha256"": ""4b700c15f2568eb117f43ce762eb523bfff3eab77c519a3a581cb67f4c75f773"", ""source_unit"": ""us"", ""source_value"": 600, ""value_ns"": 600000.0}, ""sl_setup"": {""consumers"": [""streaming:native_bl_sl"", ""resident:calibration_bl_sl""], ""evidence_kind"": ""source_model_range_and_midpoint"", ""json_pointer"": ""/design_choices/sl_setup_budget_ns_by_profile/long"", ""source_file_sha256"": ""4b700c15f2568eb117f43ce762eb523bfff3eab77c519a3a581cb67f4c75f773"", ""source_unit"": ""ns"", ""source_value"": 750, ""value_ns"": 750.0}}",analysis/04_nand_3d/scenarios.json
05_rram,128,64,128,8192,1,1,3.2164836619843276,5.0,4490.0,1758165.0,4490.0,1758165.0,1.0,28507795.100222718,4659403.412080209,6.118335885300668,391.5734966592428,28.50779510022272,4.659403412080208,analysis/05_rram/scenarios/optimistic/result.json,analysis/05_rram/input.json,optimistic,True,"{""local_return"": {""consumers"": [""resident:local_return""], ""evidence_kind"": ""fixed_driver_load_engineering_allowance"", ""json_pointer"": ""/adopted_inputs/high_voltage_return_recover_ns_per_attempt/by_profile/short"", ""source_file_sha256"": ""a3fb0ac21803296874d7e805860eed52e136dd66f552f50b5c0973bc380be2c2"", ""source_unit"": ""ns"", ""source_value"": 50, ""value_ns"": 50.00000000000001}, ""local_setup"": {""consumers"": [""resident:local_setup""], ""evidence_kind"": ""fixed_driver_load_engineering_allowance"", ""json_pointer"": ""/adopted_inputs/high_voltage_setup_ns_per_attempt/by_profile/short"", ""source_file_sha256"": ""a3fb0ac21803296874d7e805860eed52e136dd66f552f50b5c0973bc380be2c2"", ""source_unit"": ""ns"", ""source_value"": 50, ""value_ns"": 50.00000000000001}}",analysis/05_rram/scenarios.json
05_rram,128,64,128,8192,1,1,3.2164836619843276,5.0,4490.0,1911765.0,4490.0,1911765.0,1.0,28507795.100222718,4285045.4946083855,6.652857043429845,425.78285077951,28.50779510022272,4.285045494608386,analysis/05_rram/scenarios/reference/result.json,analysis/05_rram/input.json,reference,True,"{""local_return"": {""consumers"": [""resident:local_return""], ""evidence_kind"": ""fixed_driver_load_engineering_allowance"", ""json_pointer"": ""/adopted_inputs/high_voltage_return_recover_ns_per_attempt/by_profile/reference"", ""source_file_sha256"": ""a3fb0ac21803296874d7e805860eed52e136dd66f552f50b5c0973bc380be2c2"", ""source_unit"": ""ns"", ""source_value"": 100, ""value_ns"": 100.00000000000001}, ""local_setup"": {""consumers"": [""resident:local_setup""], ""evidence_kind"": ""fixed_driver_load_engineering_allowance"", ""json_pointer"": ""/adopted_inputs/high_voltage_setup_ns_per_attempt/by_profile/reference"", ""source_file_sha256"": ""a3fb0ac21803296874d7e805860eed52e136dd66f552f50b5c0973bc380be2c2"", ""source_unit"": ""ns"", ""source_value"": 100, ""value_ns"": 100.00000000000001}}",analysis/05_rram/scenarios.json
05_rram,128,64,128,8192,1,1,3.2164836619843276,5.0,4490.0,2372565.0,4490.0,2372565.0,1.0,28507795.100222718,3452803.189796697,8.256420517817372,528.4109131403118,28.50779510022272,3.452803189796697,analysis/05_rram/scenarios/pessimistic/result.json,analysis/05_rram/input.json,pessimistic,True,"{""local_return"": {""consumers"": [""resident:local_return""], ""evidence_kind"": ""fixed_driver_load_engineering_allowance"", ""json_pointer"": ""/adopted_inputs/high_voltage_return_recover_ns_per_attempt/by_profile/long"", ""source_file_sha256"": ""a3fb0ac21803296874d7e805860eed52e136dd66f552f50b5c0973bc380be2c2"", ""source_unit"": ""ns"", ""source_value"": 250, ""value_ns"": 250.00000000000003}, ""local_setup"": {""consumers"": [""resident:local_setup""], ""evidence_kind"": ""fixed_driver_load_engineering_allowance"", ""json_pointer"": ""/adopted_inputs/high_voltage_setup_ns_per_attempt/by_profile/long"", ""source_file_sha256"": ""a3fb0ac21803296874d7e805860eed52e136dd66f552f50b5c0973bc380be2c2"", ""source_unit"": ""ns"", ""source_value"": 250, ""value_ns"": 250.00000000000003}}",analysis/05_rram/scenarios.json
06_mram,256,32,256,8192,1,1,8.53994110234947,9.0,1458.0,110592.0,1458.0,110592.0,1.0,175582990.3978052,74074074.07407407,2.3703703703703702,75.85185185185185,175.58299039780522,74.07407407407408,analysis/06_mram/scenarios/optimistic/result.json,analysis/06_mram/input.json,optimistic,True,"{""direction_write_slot"": {""consumers"": [""resident:direction_write""], ""evidence_kind"": ""complete_directional_write_budget"", ""json_pointer"": ""/scenarios/0/write_access_slot_ns"", ""source_file_sha256"": ""626c6e66fbb31ddc60c51ddaa0de551347bd649ceea1c46df274f11538b6aa13"", ""source_unit"": ""ns"", ""source_value"": 20, ""value_ns"": 20.0}, ""ibmd_read"": {""consumers"": [""streaming:binary_read"", ""resident:terminal_verify.absolute_branch_read"", ""backend:MAC_preselection_native_lead""], ""evidence_kind"": ""conditional_sense_budget_with_illegal_short_excluded"", ""json_pointer"": ""/scenarios/1/read_response_ns"", ""source_file_sha256"": ""626c6e66fbb31ddc60c51ddaa0de551347bd649ceea1c46df274f11538b6aa13"", ""source_unit"": ""ns"", ""source_value"": 5, ""value_ns"": 5.0}}",analysis/06_mram/scenarios.json
06_mram,256,32,256,8192,1,1,8.53994110234947,9.0,1458.0,129024.0,1458.0,129024.0,1.0,175582990.3978052,63492063.49206349,2.765432098765432,88.49382716049382,175.58299039780522,63.492063492063494,analysis/06_mram/scenarios/reference/result.json,analysis/06_mram/input.json,reference,True,"{""direction_write_slot"": {""consumers"": [""resident:direction_write""], ""evidence_kind"": ""complete_directional_write_budget"", ""json_pointer"": ""/scenarios/1/write_access_slot_ns"", ""source_file_sha256"": ""626c6e66fbb31ddc60c51ddaa0de551347bd649ceea1c46df274f11538b6aa13"", ""source_unit"": ""ns"", ""source_value"": 30, ""value_ns"": 30.000000000000004}, ""ibmd_read"": {""consumers"": [""streaming:binary_read"", ""resident:terminal_verify.absolute_branch_read"", ""backend:MAC_preselection_native_lead""], ""evidence_kind"": ""conditional_sense_budget_with_illegal_short_excluded"", ""json_pointer"": ""/scenarios/1/read_response_ns"", ""source_file_sha256"": ""626c6e66fbb31ddc60c51ddaa0de551347bd649ceea1c46df274f11538b6aa13"", ""source_unit"": ""ns"", ""source_value"": 5, ""value_ns"": 5.0}}",analysis/06_mram/scenarios.json
06_mram,256,32,256,8192,1,1,8.53994110234947,9.0,1602.0,147456.0,1602.0,147456.0,1.0,159800249.68789014,55555555.55555555,2.876404494382023,92.04494382022472,159.80024968789013,55.55555555555555,analysis/06_mram/scenarios/pessimistic/result.json,analysis/06_mram/input.json,pessimistic,True,"{""direction_write_slot"": {""consumers"": [""resident:direction_write""], ""evidence_kind"": ""complete_directional_write_budget"", ""json_pointer"": ""/scenarios/2/write_access_slot_ns"", ""source_file_sha256"": ""626c6e66fbb31ddc60c51ddaa0de551347bd649ceea1c46df274f11538b6aa13"", ""source_unit"": ""ns"", ""source_value"": 30, ""value_ns"": 30.000000000000004}, ""ibmd_read"": {""consumers"": [""streaming:binary_read"", ""resident:terminal_verify.absolute_branch_read"", ""backend:MAC_preselection_native_lead""], ""evidence_kind"": ""conditional_sense_budget_with_illegal_short_excluded"", ""json_pointer"": ""/scenarios/2/read_response_ns"", ""source_file_sha256"": ""626c6e66fbb31ddc60c51ddaa0de551347bd649ceea1c46df274f11538b6aa13"", ""source_unit"": ""ns"", ""source_value"": 10, ""value_ns"": 10.0}}",analysis/06_mram/scenarios.json
07_pcm,256,128,256,32768,1,1,4.703620186444548,5.0,71690.0,4275200.0,71690.0,4275200.0,1.0,3570930.394755196,7664670.658682635,0.46589482494071693,59.634537592411775,3.570930394755196,7.664670658682635,analysis/07_pcm/scenarios/optimistic/result.json,analysis/07_pcm/input.json,optimistic,True,"{""drive_transition"": {""consumers"": [""resident:program_reset_set.reset_set_complete""], ""evidence_kind"": ""conditional_frontend_or_driver_budget"", ""json_pointer"": ""/profiles/short/drive_transition_ns"", ""source_file_sha256"": ""733bdbd138b2b0faca258ed35152395f31208aff3269d53dbccb3e85c8d4ec3e"", ""source_unit"": ""ns"", ""source_value"": 10, ""value_ns"": 10.0}, ""shared_voltage_front"": {""consumers"": [""streaming:analog_front"", ""resident:endpoint_verify.voltage_front""], ""evidence_kind"": ""conditional_frontend_or_driver_budget"", ""json_pointer"": ""/profiles/short/read_front_including_TI_ns"", ""source_file_sha256"": ""733bdbd138b2b0faca258ed35152395f31208aff3269d53dbccb3e85c8d4ec3e"", ""source_unit"": ""ns"", ""source_value"": 10, ""value_ns"": 10.0}}",analysis/07_pcm/scenarios.json
07_pcm,256,128,256,32768,1,1,4.703620186444548,5.0,92170.0,4684800.0,92170.0,4684800.0,1.0,2777476.4023000975,6994535.519125683,0.39709232939134204,50.82781816209179,2.7774764023000977,6.994535519125683,analysis/07_pcm/scenarios/reference/result.json,analysis/07_pcm/input.json,reference,True,"{""drive_transition"": {""consumers"": [""resident:program_reset_set.reset_set_complete""], ""evidence_kind"": ""conditional_frontend_or_driver_budget"", ""json_pointer"": ""/profiles/reference/drive_transition_ns"", ""source_file_sha256"": ""733bdbd138b2b0faca258ed35152395f31208aff3269d53dbccb3e85c8d4ec3e"", ""source_unit"": ""ns"", ""source_value"": 20, ""value_ns"": 20.0}, ""shared_voltage_front"": {""consumers"": [""streaming:analog_front"", ""resident:endpoint_verify.voltage_front""], ""evidence_kind"": ""conditional_frontend_or_driver_budget"", ""json_pointer"": ""/profiles/reference/read_front_including_TI_ns"", ""source_file_sha256"": ""733bdbd138b2b0faca258ed35152395f31208aff3269d53dbccb3e85c8d4ec3e"", ""source_unit"": ""ns"", ""source_value"": 20, ""value_ns"": 20.0}}",analysis/07_pcm/scenarios.json
07_pcm,256,128,256,32768,1,1,4.703620186444548,5.0,153610.0,5913600.0,153610.0,5913600.0,1.0,1666558.1667860164,5541125.541125542,0.3007616691621639,38.49749365275698,1.6665581667860165,5.541125541125542,analysis/07_pcm/scenarios/pessimistic/result.json,analysis/07_pcm/input.json,pessimistic,True,"{""drive_transition"": {""consumers"": [""resident:program_reset_set.reset_set_complete""], ""evidence_kind"": ""conditional_frontend_or_driver_budget"", ""json_pointer"": ""/profiles/long/drive_transition_ns"", ""source_file_sha256"": ""733bdbd138b2b0faca258ed35152395f31208aff3269d53dbccb3e85c8d4ec3e"", ""source_unit"": ""ns"", ""source_value"": 50, ""value_ns"": 50.00000000000001}, ""shared_voltage_front"": {""consumers"": [""streaming:analog_front"", ""resident:endpoint_verify.voltage_front""], ""evidence_kind"": ""conditional_frontend_or_driver_budget"", ""json_pointer"": ""/profiles/long/read_front_including_TI_ns"", ""source_file_sha256"": ""733bdbd138b2b0faca258ed35152395f31208aff3269d53dbccb3e85c8d4ec3e"", ""source_unit"": ""ns"", ""source_value"": 50, ""value_ns"": 50.00000000000001}}",analysis/07_pcm/scenarios.json
08_feram_hfo2,128,128,128,16384,1,1,8.380406816741893,8.5,3553.0,69632.0,3553.0,69632.0,1.0,36025893.61103293,235294117.6470588,0.15311004784688997,19.598086124401913,36.025893611032934,235.2941176470588,analysis/08_feram_hfo2/scenarios/optimistic/result.json,analysis/08_feram_hfo2/input.json,optimistic,True,"{""feram_sense"": {""consumers"": [""streaming:binary_read"", ""backend:MAC_preselection_native_lead""], ""evidence_kind"": ""measured_anchor_plus_conditional_per_phase_budget"", ""json_pointer"": ""/paired_media_budgets_ns/short/sense"", ""source_file_sha256"": ""684a3b6b2c70f9bfa0d67abf2f0194cd7d2c18650c0a62d0d2cbce6b460b670f"", ""source_unit"": ""ns"", ""source_value"": 8, ""value_ns"": 8.0}, ""open_close"": {""consumers"": [""streaming:binary_read"", ""resident:external_polarization_write""], ""evidence_kind"": ""measured_anchor_plus_conditional_per_phase_budget"", ""json_pointer"": ""/paired_media_budgets_ns/short/open_close_bias_total"", ""source_file_sha256"": ""684a3b6b2c70f9bfa0d67abf2f0194cd7d2c18650c0a62d0d2cbce6b460b670f"", ""source_unit"": ""ns"", ""source_value"": 20, ""value_ns"": 20.0}, ""polarization_hold"": {""consumers"": [""streaming:binary_read.destructive_restore"", ""resident:external_polarization_write""], ""evidence_kind"": ""measured_anchor_plus_conditional_per_phase_budget"", ""json_pointer"": ""/paired_media_budgets_ns/short/polarization_hold_per_phase"", ""source_file_sha256"": ""684a3b6b2c70f9bfa0d67abf2f0194cd7d2c18650c0a62d0d2cbce6b460b670f"", ""source_unit"": ""ns"", ""source_value"": 14, ""value_ns"": 14.000000000000002}}",analysis/08_feram_hfo2/scenarios.json
08_feram_hfo2,128,128,128,16384,1,1,8.380406816741893,8.5,5729.0,165376.0,5729.0,165376.0,1.0,22342468.14452784,99071207.43034056,0.2255192878338279,28.86646884272997,22.342468144527842,99.07120743034056,analysis/08_feram_hfo2/scenarios/reference/result.json,analysis/08_feram_hfo2/input.json,reference,True,"{""feram_sense"": {""consumers"": [""streaming:binary_read"", ""backend:MAC_preselection_native_lead""], ""evidence_kind"": ""measured_anchor_plus_conditional_per_phase_budget"", ""json_pointer"": ""/paired_media_budgets_ns/reference/sense"", ""source_file_sha256"": ""684a3b6b2c70f9bfa0d67abf2f0194cd7d2c18650c0a62d0d2cbce6b460b670f"", ""source_unit"": ""ns"", ""source_value"": 20, ""value_ns"": 20.0}, ""open_close"": {""consumers"": [""streaming:binary_read"", ""resident:external_polarization_write""], ""evidence_kind"": ""measured_anchor_plus_conditional_per_phase_budget"", ""json_pointer"": ""/paired_media_budgets_ns/reference/open_close_bias_total"", ""source_file_sha256"": ""684a3b6b2c70f9bfa0d67abf2f0194cd7d2c18650c0a62d0d2cbce6b460b670f"", ""source_unit"": ""ns"", ""source_value"": 40, ""value_ns"": 40.0}, ""polarization_hold"": {""consumers"": [""streaming:binary_read.destructive_restore"", ""resident:external_polarization_write""], ""evidence_kind"": ""measured_anchor_plus_conditional_per_phase_budget"", ""json_pointer"": ""/paired_media_budgets_ns/reference/polarization_hold_per_phase"", ""source_file_sha256"": ""684a3b6b2c70f9bfa0d67abf2f0194cd7d2c18650c0a62d0d2cbce6b460b670f"", ""source_unit"": ""ns"", ""source_value"": 50, ""value_ns"": 50.00000000000001}}",analysis/08_feram_hfo2/scenarios.json
08_feram_hfo2,128,128,128,16384,1,1,8.380406816741893,8.5,9809.0,304640.0,9809.0,304640.0,1.0,13049240.493424406,53781512.60504202,0.24263431542461006,31.057192374350088,13.049240493424406,53.78151260504202,analysis/08_feram_hfo2/scenarios/pessimistic/result.json,analysis/08_feram_hfo2/input.json,pessimistic,True,"{""feram_sense"": {""consumers"": [""streaming:binary_read"", ""backend:MAC_preselection_native_lead""], ""evidence_kind"": ""measured_anchor_plus_conditional_per_phase_budget"", ""json_pointer"": ""/paired_media_budgets_ns/long/sense"", ""source_file_sha256"": ""684a3b6b2c70f9bfa0d67abf2f0194cd7d2c18650c0a62d0d2cbce6b460b670f"", ""source_unit"": ""ns"", ""source_value"": 50, ""value_ns"": 50.00000000000001}, ""open_close"": {""consumers"": [""streaming:binary_read"", ""resident:external_polarization_write""], ""evidence_kind"": ""measured_anchor_plus_conditional_per_phase_budget"", ""json_pointer"": ""/paired_media_budgets_ns/long/open_close_bias_total"", ""source_file_sha256"": ""684a3b6b2c70f9bfa0d67abf2f0194cd7d2c18650c0a62d0d2cbce6b460b670f"", ""source_unit"": ""ns"", ""source_value"": 80, ""value_ns"": 80.0}, ""polarization_hold"": {""consumers"": [""streaming:binary_read.destructive_restore"", ""resident:external_polarization_write""], ""evidence_kind"": ""measured_anchor_plus_conditional_per_phase_budget"", ""json_pointer"": ""/paired_media_budgets_ns/long/polarization_hold_per_phase"", ""source_file_sha256"": ""684a3b6b2c70f9bfa0d67abf2f0194cd7d2c18650c0a62d0d2cbce6b460b670f"", ""source_unit"": ""ns"", ""source_value"": 100, ""value_ns"": 100.00000000000001}}",analysis/08_feram_hfo2/scenarios.json
09_gain_cell_edram,64,64,64,4096,1,1,5.250207367512116,5.5,2123.0,21120.0,2451.407039883145,24387.054490029215,0.8660332476246786,26107455.415911175,167957963.17569524,0.15544041450777202,9.94818652849741,26.107455415911176,167.95796317569523,analysis/09_gain_cell_edram/scenarios/optimistic/result.json,analysis/09_gain_cell_edram/input.json,optimistic,True,"{""common_read_overhead"": {""consumers"": [""streaming:analog_front"", ""maintenance:refresh_read.front"", ""maintenance:guard_and_availability""], ""evidence_kind"": ""conditional_common_phase_budget_not_measured_decomposition"", ""json_pointer"": ""/service_parameters/profile_common_overhead_ns/short"", ""source_file_sha256"": ""fe13a8f5502dd76faf2bac673cf67356ae7def52904c6cf7334b72640b5d3bc0"", ""source_unit"": ""ns"", ""source_value"": 36, ""value_ns"": 36.00000000000001}, ""program_complete"": {""consumers"": [""resident:current_program"", ""maintenance:refresh_decode_load_rewrite.current_program"", ""maintenance:guard_and_availability""], ""evidence_kind"": ""measured_settling_anchor_plus_conditional_complete_program_budget"", ""json_pointer"": ""/profiles/0/program_complete_ns"", ""source_file_sha256"": ""fe13a8f5502dd76faf2bac673cf67356ae7def52904c6cf7334b72640b5d3bc0"", ""source_unit"": ""ns"", ""source_value"": 65, ""value_ns"": 65.0}}",analysis/09_gain_cell_edram/scenarios.json
09_gain_cell_edram,64,64,64,4096,1,1,5.250207367512116,5.5,3707.0,21120.0,4443.402264561427,25315.52625506807,0.8342706285148569,14403377.454801952,161797940.0756086,0.08902077151335312,5.6973293768546,14.403377454801953,161.7979400756086,analysis/09_gain_cell_edram/scenarios/reference/result.json,analysis/09_gain_cell_edram/input.json,reference,True,"{""common_read_overhead"": {""consumers"": [""streaming:analog_front"", ""maintenance:refresh_read.front"", ""maintenance:guard_and_availability""], ""evidence_kind"": ""conditional_common_phase_budget_not_measured_decomposition"", ""json_pointer"": ""/service_parameters/profile_common_overhead_ns/reference"", ""source_file_sha256"": ""fe13a8f5502dd76faf2bac673cf67356ae7def52904c6cf7334b72640b5d3bc0"", ""source_unit"": ""ns"", ""source_value"": 86, ""value_ns"": 86.0}, ""program_complete"": {""consumers"": [""resident:current_program"", ""maintenance:refresh_decode_load_rewrite.current_program"", ""maintenance:guard_and_availability""], ""evidence_kind"": ""measured_settling_anchor_plus_conditional_complete_program_budget"", ""json_pointer"": ""/profiles/1/program_complete_ns"", ""source_file_sha256"": ""fe13a8f5502dd76faf2bac673cf67356ae7def52904c6cf7334b72640b5d3bc0"", ""source_unit"": ""ns"", ""source_value"": 65, ""value_ns"": 65.0}}",analysis/09_gain_cell_edram/scenarios.json
09_gain_cell_edram,64,64,64,4096,1,1,5.250207367512116,5.5,5291.0,23936.0,6651.775432591747,30092.023578627115,0.7954267328502482,9621491.382047985,136115804.55191416,0.07068607068607069,4.523908523908524,9.621491382047985,136.11580455191415,analysis/09_gain_cell_edram/scenarios/pessimistic/result.json,analysis/09_gain_cell_edram/input.json,pessimistic,True,"{""common_read_overhead"": {""consumers"": [""streaming:analog_front"", ""maintenance:refresh_read.front"", ""maintenance:guard_and_availability""], ""evidence_kind"": ""conditional_common_phase_budget_not_measured_decomposition"", ""json_pointer"": ""/service_parameters/profile_common_overhead_ns/long"", ""source_file_sha256"": ""fe13a8f5502dd76faf2bac673cf67356ae7def52904c6cf7334b72640b5d3bc0"", ""source_unit"": ""ns"", ""source_value"": 136, ""value_ns"": 136.0}, ""program_complete"": {""consumers"": [""resident:current_program"", ""maintenance:refresh_decode_load_rewrite.current_program"", ""maintenance:guard_and_availability""], ""evidence_kind"": ""measured_settling_anchor_plus_conditional_complete_program_budget"", ""json_pointer"": ""/profiles/2/program_complete_ns"", ""source_file_sha256"": ""fe13a8f5502dd76faf2bac673cf67356ae7def52904c6cf7334b72640b5d3bc0"", ""source_unit"": ""ns"", ""source_value"": 75, ""value_ns"": 75.00000000000001}}",analysis/09_gain_cell_edram/scenarios.json
10_fenor_3d,128,128,128,16384,1,1,8.380406816741893,8.5,3009.0,269824.0,3009.0,269824.0,1.0,42539049.51811233,60721062.61859582,0.7005649717514125,89.67231638418079,42.53904951811233,60.72106261859582,analysis/10_fenor_3d/scenarios/optimistic/result.json,analysis/10_fenor_3d/input.json,optimistic,True,"{""bias_transition"": {""consumers"": [""resident:two_phase_write"", ""resident:post_pulse_guard""], ""evidence_kind"": ""conditional_native_read_or_fixed_driver_budget"", ""json_pointer"": ""/profiles/0/bias_transition_ns"", ""source_file_sha256"": ""b812581921e61cfa86b36ee6344365a0f8b81639fd56c295a9898516589db6c8"", ""source_unit"": ""ns"", ""source_value"": 5, ""value_ns"": 5.0}, ""binary_read"": {""consumers"": [""streaming:binary_read"", ""resident:terminal_verify.binary_read"", ""backend:MAC_preselection_native_lead""], ""evidence_kind"": ""conditional_native_read_or_fixed_driver_budget"", ""json_pointer"": ""/profiles/0/complete_binary_read_ns"", ""source_file_sha256"": ""b812581921e61cfa86b36ee6344365a0f8b81639fd56c295a9898516589db6c8"", ""source_unit"": ""ns"", ""source_value"": 20, ""value_ns"": 20.0}}",analysis/10_fenor_3d/scenarios.json
10_fenor_3d,128,128,128,16384,1,1,8.380406816741893,8.5,3553.0,304640.0,3553.0,304640.0,1.0,36025893.61103293,53781512.60504202,0.6698564593301436,85.74162679425838,36.025893611032934,53.78151260504202,analysis/10_fenor_3d/scenarios/reference/result.json,analysis/10_fenor_3d/input.json,reference,True,"{""bias_transition"": {""consumers"": [""resident:two_phase_write"", ""resident:post_pulse_guard""], ""evidence_kind"": ""conditional_native_read_or_fixed_driver_budget"", ""json_pointer"": ""/profiles/1/bias_transition_ns"", ""source_file_sha256"": ""b812581921e61cfa86b36ee6344365a0f8b81639fd56c295a9898516589db6c8"", ""source_unit"": ""ns"", ""source_value"": 10, ""value_ns"": 10.0}, ""binary_read"": {""consumers"": [""streaming:binary_read"", ""resident:terminal_verify.binary_read"", ""backend:MAC_preselection_native_lead""], ""evidence_kind"": ""conditional_native_read_or_fixed_driver_budget"", ""json_pointer"": ""/profiles/1/complete_binary_read_ns"", ""source_file_sha256"": ""b812581921e61cfa86b36ee6344365a0f8b81639fd56c295a9898516589db6c8"", ""source_unit"": ""ns"", ""source_value"": 40, ""value_ns"": 40.0}}",analysis/10_fenor_3d/scenarios.json
10_fenor_3d,128,128,128,16384,1,1,8.380406816741893,8.5,4913.0,374272.0,4913.0,374272.0,1.0,26053327.905556686,43775649.794801645,0.5951557093425605,76.17993079584775,26.053327905556685,43.775649794801645,analysis/10_fenor_3d/scenarios/pessimistic/result.json,analysis/10_fenor_3d/input.json,pessimistic,True,"{""bias_transition"": {""consumers"": [""resident:two_phase_write"", ""resident:post_pulse_guard""], ""evidence_kind"": ""conditional_native_read_or_fixed_driver_budget"", ""json_pointer"": ""/profiles/2/bias_transition_ns"", ""source_file_sha256"": ""b812581921e61cfa86b36ee6344365a0f8b81639fd56c295a9898516589db6c8"", ""source_unit"": ""ns"", ""source_value"": 20, ""value_ns"": 20.0}, ""binary_read"": {""consumers"": [""streaming:binary_read"", ""resident:terminal_verify.binary_read"", ""backend:MAC_preselection_native_lead""], ""evidence_kind"": ""conditional_native_read_or_fixed_driver_budget"", ""json_pointer"": ""/profiles/2/complete_binary_read_ns"", ""source_file_sha256"": ""b812581921e61cfa86b36ee6344365a0f8b81639fd56c295a9898516589db6c8"", ""source_unit"": ""ns"", ""source_value"": 80, ""value_ns"": 80.0}}",analysis/10_fenor_3d/scenarios.json
