row_id,case_id,label,evidence_class,unit_description,area_xy_um2,independent_bits,a_bit_um2,density_Mbit_mm2,F_mem_nm,F_kind,F_definition,alpha_F_mem2_per_bit,effective_layers,bits_per_layer,source_refs,missing_reason
01_sram_acim,01_sram_acim,SRAM ACIM,reported_geometry,Reported native 9T1C SRAM storage/charge-coupled bitcell,0.994,1,0.994,1.0060362173038229376257545271629778672032193158954,28,nominal_node,Reported 28 nm CMOS nominal process node; not measured lithographic half-pitch,1267.8571428571428571428571428571428571428571428571,1,1,"[{""source_id"":""SACIM-03"",""locator"":""PDF p3 Section III: bit-cell area 0.994 um2 and standard 28-nm CMOS; p2 Section II-B: MOM capacitor above bitcell""}]",
02_sram_dcim,02_sram_dcim,SRAM DCIM,geometric_estimate,"D6CIM repeated 8-column x 128-row local tile; native 6T storage, shared NOR/isolation and distributed 15:4 compressors",582.4,1024,0.56875,1.7582417582417582417582417582417582417582417582418,28,nominal_node,Reported 28 nm CMOS nominal process node; not measured lithographic half-pitch,725.44642857142857142857142857142857142857142857143,1,1024,"[{""source_id"":""SDCIM-01"",""locator"":""PDF p3 Fig8: local 8-column region 91 um horizontal x 6.4 um vertical, 128 rows; separate 39 um HCA/BFA strip excluded; p3 SecIII gives native 28 nm process and 0.379 um2 core only""}]",
03_nor_2d,03_nor_2d,2D NOR,missing,Current binary NOR unit/tile not uniquely geometrically specified,,1,,,,unknown,No unambiguous F_mem for current binary NOR identity,,1,1,"[{""source_id"":""NOR-01"",""locator"":""Commercial MIRRORBIT data sheet: service anchor, not cell geometry""},{""source_id"":""NOR-02"",""locator"":""Commercial W25Q data sheet: page/sector timing anchor, not cell geometry""},{""source_id"":""NOR-05"",""locator"":""PDF p1: modified 180-nm ESF1 analog-tunable cell area about 1.5 um2""}]",Matched complete binary NOR cell/tile area and planar F not found; available 1.5 um2 figure belongs to a different modified analog-tuning cell identity.
04_nand_3d_500_layer_projection,04_nand_3d,"3D NAND, SLC, 500-layer projection",projection,"One BL pitch by one SSL pitch, containing one independent SLC site per active WL layer",0.03,500,0.00006,16666.666666666666666666666666666666666666666666667,20,half_pitch_directional,One-half of reported 40 nm BL pitch (directional planar half-pitch); orthogonal SSL pitch is 750 nm; not 32 nm CMOS peripheral node,0.15,500,1,"[{""source_id"":""NAND-04"",""locator"":""PDF p2 Section II-A / Fig1: BL pitch 40 nm, SSL pitch 0.75 um, three SSLs, 32 WLs, 13824 BL x 32 WL x 3 SSL physical cells""},{""source_id"":""NAND-05"",""locator"":""PDF p1 Section II(b): measured chip is 16-layer 64Gb SLC SGVC""}]",
05_rram,05_rram,RRAM,missing,WH-2T1R m=1 binary cell with separate memory/CIM access paths,,1,,,28,nominal_node,Reported 28 nm HKMG nominal CMOS process node,,1,1,"[{""source_id"":""RRAM-05"",""locator"":""PDF p3 Fig4 and Section III-A: WH-2T1R m(T2)=4 layout, 30.3% relative area overhead, transistor W/L""}]",No absolute m=1 repeated-cell area/pitch found. Relative 30.3% overhead is for m=4 and lacks its absolute compatible base area.
06_mram,06_mram,MRAM,geometric_estimate,"IBMD native bitcell: two complementary 1T1MTJ branches, latch and native shared-tail arrangement",2.56,1,2.56,0.390625,40,nominal_node,"Source defines F as minimum lithography feature size; reconstruction uses reported 40 nm native process node, so conservatively node-normalized",1600,1,1,"[{""source_id"":""MRAM-06"",""locator"":""Supplement PDF p10: own IBMD bitcell approximately 1600F2; main PDF p2 Fig2 and text: two 1T1MTJ plus latch, complementary W/Wbar; native process 40 nm""}]",
07_pcm,07_pcm,PCM,missing,Selected 40 nm voltage-mode 1T1R PCM repeated storage cell,,1,,,40,nominal_node,Reported 40 nm CMOS/PCM nominal process node,,1,1,"[{""source_id"":""PCM-03"",""locator"":""PDF p1 architecture text; p2 Fig11.3.2 1T1R PCM; p3 die photo/summary""}]",Matched complete 40 nm 1T1R PCM bitcell area/pitch not reported in inspected source; macro dimensions are a different boundary.
08_feram_hfo2,08_feram_hfo2,HZO FeRAM,missing,HZO remanent 1T1C cell with capacitor vertically integrated above access transistor,,1,,,,unknown,No unambiguous planar F_mem in matched FERAM-03 source; HZO thickness is not F,,1,1,"[{""source_id"":""FERAM-03"",""locator"":""PDF p1 1T1C array integration and Fig5-7: capacitors 0.4 to 1.0 um2 directly above transistor""},{""source_id"":""FERAM-02"",""locator"":""PDF p1: 1X nm half-pitch 8Gb DRAM-derived 1T1C; no exact half-pitch numeric""}]",Complete matched 1T1C projected cell/tile area and exact planar F unavailable; published capacitor-only areas do not close this boundary.
09_gain_cell_edram,09_gain_cell_edram,GC-04 eDRAM,reported_geometry,Native silicon CMOS current-programmed dynamic-cascode 3T1C cell,6,1,6,0.16666666666666666666666666666666666666666666666667,65,nominal_node,Reported 65 nm CMOS nominal process node; not measured half-pitch,1420.1183431952662721893491124260355029585798816568,1,1,"[{""source_id"":""GC-04"",""locator"":""PDF p6 Section III-A / Fig8: complete 3T1C cell layout 6 um2, 10 fF MOM in metal4-7; native 65 nm process""}]",
10_fenor_3d,10_fenor_3d,"3D FeFET, 4 layers",geometric_estimate,Vertical AND FeFET model repeated hole tile with split BL/SL contacts and one cell per effective layer,0.0204,4,0.0051,196.07843137254901960784313725490196078431372549020,60,half_pitch_directional,One-half of source simulation X pitch 120 nm (directional planar half-pitch); Y pitch 170 nm; not 40 nm vertical pitch or 6 nm FE thickness,1.4166666666666666666666666666666666666666666666667,4,1,"[{""source_id"":""FENOR-02"",""locator"":""PDF p3 Fig11b,c: X pitch=120 nm, Y pitch=170 nm, split BL/SL within hole; p1/2 Fig2: four-layer structure""}]",
