row_id,case_id,label,evidence_class,unit_description,reference_identity,identity_relation,area_xy_um2,independent_bits,a_bit_um2,density_Mbit_mm2,F_mem_nm,F_kind,F_definition,alpha_F_mem2_per_bit,effective_layers,bits_per_layer,source_refs,missing_reason
01_sram_acim,01_sram_acim,SRAM ACIM,reported_geometry,Reported native 9T1C SRAM storage/charge-coupled bitcell,,,0.994,1,0.994,1.0060362173038229376257545271629778672032193158954,28,nominal_node,Reported 28 nm CMOS nominal process node; not measured lithographic half-pitch,1267.8571428571428571428571428571428571428571428571,1,1,"[{""source_id"":""SACIM-03"",""locator"":""PDF p3 Section III: bit-cell area 0.994 um2 and standard 28-nm CMOS; p2 Section II-B: MOM capacitor above bitcell""}]",
02_sram_dcim,02_sram_dcim,SRAM DCIM,geometric_estimate,"D6CIM repeated 8-column x 128-row local tile; native 6T storage, shared NOR/isolation and distributed 15:4 compressors",,,582.4,1024,0.56875,1.7582417582417582417582417582417582417582417582418,28,nominal_node,Reported 28 nm CMOS nominal process node; not measured lithographic half-pitch,725.44642857142857142857142857142857142857142857143,1,1024,"[{""source_id"":""SDCIM-01"",""locator"":""PDF p3 Fig8: local 8-column region 91 um horizontal x 6.4 um vertical, 128 rows; separate 39 um HCA/BFA strip excluded; p3 SecIII gives native 28 nm process and 0.379 um2 core only""}]",
03_nor_2d,03_nor_2d,"2D NOR, GF 28SLPe / SST ESF3 reference",reported_geometry,Vendor-reported complete embedded NOR split-gate ESF3 bitcell; binary use,"GF 28SLPe / SST ESF3 embedded NOR, vendor-reported bitcell geometry",Named geometry reference; not the current S29GL/W25Q throughput implementation,0.04,1,0.04,25,28,nominal_node,GF 28SLPe nominal 28 nm foundry process node; not a measured half-pitch,51.020408163265306122448979591836734693877551020408,1,1,"[{""source_id"":""NOR-GF28-2023"",""locator"":""2023-09-27 GF release, capabilities bullet: ESF3 bitcell size 0.04 micron squared; GF 28SLPe""},{""source_id"":""NOR-MCHP28-2023"",""locator"":""Same-date Microchip release: bitcell less than 0.05 micron squared; this bound is not an exact 0.05 measurement""},{""source_id"":""NOR-SUPERFLASH-STRUCTURE"",""locator"":""Official Microchip technology overview: NOR Flash with proprietary split-gate cell architecture""}]",
04_nand_3d_500_layer_projection,04_nand_3d,"3D NAND, SLC, 500-layer projection",projection,"One BL pitch by one SSL pitch, containing one independent SLC site per active WL layer",,,0.03,500,0.00006,16666.666666666666666666666666666666666666666666667,20,half_pitch_directional,One-half of reported 40 nm BL pitch (directional planar half-pitch); orthogonal SSL pitch is 750 nm; not 32 nm CMOS peripheral node,0.15,500,1,"[{""source_id"":""NAND-04"",""locator"":""PDF p2 Section II-A / Fig1: BL pitch 40 nm, SSL pitch 0.75 um, three SSLs, 32 WLs, 13824 BL x 32 WL x 3 SSL physical cells""},{""source_id"":""NAND-05"",""locator"":""PDF p1 Section II(b): measured chip is 16-layer 64Gb SLC SGVC""}]",
05_rram,05_rram,"RRAM, WH-2T1R m=1 model",geometric_estimate,Conditional fully allocated two-island WH-2T1R m=1 repeated cell with native T1/T2 and local X wiring,WH-2T1R m=1 with paper-reported T1 500/150 nm and T2 100/30 nm; explicit compact layout assumptions,"Native topology and dimensions retained; area is a conditional engineering layout, not reported original foundry bitcell area",0.6850828799999998,1,0.6850828799999998,1.4596774042872014141347114927762942009911246873646,28,nominal_node,Native RRAM-05 28 nm nominal HKMG node; planar geometry_scale_um is explicitly 0.028 um,873.83020408163239795918367346938775510204081632653,1,1,"[{""source_id"":""RRAM-05"",""locator"":""PDF p3 Fig4a/c: T1W500/L150nm, T2W100/L30nm; T2gate=X, source=GND, drain=TBL; RRAMX-BL""},{""source_id"":""NEUROSIM-GEO"",""locator"":""constant.h CONTACT_SIZE1.3F, CONTACT_POLYGAP.7F, POLYEXT1F, FIELDGAP1.6F, M2PITCH3.2F; formula.cpp bulk no-PMOS branch""}]",
06_mram,06_mram,MRAM,geometric_estimate,"IBMD native bitcell: two complementary 1T1MTJ branches, latch and native shared-tail arrangement",,,2.56,1,2.56,0.390625,40,nominal_node,"Source defines F as minimum lithography feature size; reconstruction uses reported 40 nm native process node, so conservatively node-normalized",1600,1,1,"[{""source_id"":""MRAM-06"",""locator"":""Supplement PDF p10: own IBMD bitcell approximately 1600F2; main PDF p2 Fig2 and text: two 1T1MTJ plus latch, complementary W/Wbar; native process 40 nm""}]",
07_pcm,07_pcm,"PCM, 28 nm 1T1R geometry reference",reference_proxy,"Reported ST 28 nm FD-SOI 1T1R Ge-rich GST ePCM bitcell, used as a binary geometry reference","ST 28 nm FD-SOI 1T1R ePCM, Palhares 2024 / Arnaud IEDM 2018",Explicit published geometry proxy; does not establish the 40 nm voltage-mode throughput cell footprint,0.036,1,0.036,27.777777777777777777777777777777777777777777777778,28,nominal_node,Native 28 nm FD-SOI nominal process node of the cited ST 1T1R ePCM; not the throughput case 40 nm node,45.918367346938775510204081632653061224489795918367,1,1,"[{""source_id"":""PCM-PALHARES-2024"",""locator"":""PDF p2 Results / ePCM pulse programming and Fig1: physical 1T1R, 0.036 um2/bit; ref42 identifies Arnaud IEDM2018""},{""source_id"":""PCM-ARNAUD-2018-ST"",""locator"":""Author official IEDM2018 presentation: slide11 PCM cell 0.036 um2; slides27-28 1T1R and LRS=1/HRS=0; slide33 SET/RESET array distributions""},{""source_id"":""PCM-03"",""locator"":""All three original pages reviewed: Fig11.3.2 1T1R topology and Fig11.3.7 whole 18 mm2 test chip; no complete local cell dimensions or selector W/L""}]",
08_feram_hfo2,08_feram_hfo2,"HZO FeRAM, 130 nm 1T1C model",geometric_estimate,Conditional 130 nm HZO 1T1C CUB repeated tile with 1 um2 active capacitor and a public 5 V-class NMOS access reference,Reported 130 nm HZO CUB capacitor family combined with a declared Sky130 nfet_g5v0d10v5 access-geometry reference,"Conditional geometry model across identified references, not reconstruction of Sony fabricated cell or validation of current throughput implementation",5.4145,1,5.4145,0.18468926031951242035275648721026872287376489057161,130,nominal_node,Reported 130 nm native HZO-array nominal CMOS node; public access reference also 130 nm; not HZO film thickness,320.38461538461538461538461538461538461538461538462,1,1,"[{""source_id"":""FERAM-07-JEDS"",""locator"":""Okuno JEDS10:29-34 DOI10.1109/JEDS.2021.3129279 PDF p2:130nm, 0.4/.6/.8/1um2 MFM and CUB directly above transistor; p4/5 2.5V operation""},{""source_id"":""SKY130-HV"",""locator"":""Official device-details: nfet_g5v0d10v5 W7/L.5 andW.42/L.5 test devices; VGSmodelrange0..5.5V,VDS0..11V,VBS0..-5.5V""},{""source_id"":""SKY130-RULES"",""locator"":""Official assumptions:HV channel length.5um, HVpolyspace.28um,HVDiffspace.3um; public licon width.17um""},{""source_id"":""SKY130-HV-RAW"",""locator"":""Pinned measured W20/L.5 device IDVD rows, width-scaled to W1 only for coarse static current/body-bias context; no endpoint-current or timing certification""},{""source_id"":""NEUROSIM-GEO"",""locator"":""Actual planar no-PMOS CalculateGateArea calls; explicit long-L/contact correction and complete layered tile consumer""}]",
09_gain_cell_edram,09_gain_cell_edram,GC-04 eDRAM,reported_geometry,Native silicon CMOS current-programmed dynamic-cascode 3T1C cell,,,6,1,6,0.16666666666666666666666666666666666666666666666667,65,nominal_node,Reported 65 nm CMOS nominal process node; not measured half-pitch,1420.1183431952662721893491124260355029585798816568,1,1,"[{""source_id"":""GC-04"",""locator"":""PDF p6 Section III-A / Fig8: complete 3T1C cell layout 6 um2, 10 fF MOM in metal4-7; native 65 nm process""}]",
10_fenor_3d,10_fenor_3d,"3D FeFET, 4 layers",geometric_estimate,Vertical AND FeFET model repeated hole tile with split BL/SL contacts and one cell per effective layer,,,0.0204,4,0.0051,196.07843137254901960784313725490196078431372549020,60,half_pitch_directional,One-half of source simulation X pitch 120 nm (directional planar half-pitch); Y pitch 170 nm; not 40 nm vertical pitch or 6 nm FE thickness,1.4166666666666666666666666666666666666666666666667,4,1,"[{""source_id"":""FENOR-02"",""locator"":""PDF p3 Fig11b,c: X pitch=120 nm, Y pitch=170 nm, split BL/SL within hole; p1/2 Fig2: four-layer structure""}]",
04_nand_3d_source_L0,04_nand_3d,"3D NAND source model, SLC, 32 layers",geometric_estimate,"One BL pitch by one SSL pitch, containing one independent SLC site per active WL layer",,,0.03,32,0.0009375,1066.6666666666666666666666666666666666666666666667,20,half_pitch_directional,One-half of reported 40 nm BL pitch (directional planar half-pitch); orthogonal SSL pitch is 750 nm; not 32 nm CMOS peripheral node,2.34375,32,1,"[{""source_id"":""NAND-04"",""locator"":""PDF p2 Section II-A / Fig1: BL pitch 40 nm, SSL pitch 0.75 um, three SSLs, 32 WLs, 13824 BL x 32 WL x 3 SSL physical cells""},{""source_id"":""NAND-05"",""locator"":""PDF p1 Section II(b): measured chip is 16-layer 64Gb SLC SGVC""}]",
04_nand_3d_single_layer_check,04_nand_3d,"3D NAND, SLC, 1-layer algebraic check",algebraic_check,"One BL pitch by one SSL pitch, containing one independent SLC site per active WL layer",,,0.03,1,0.03,33.333333333333333333333333333333333333333333333333,20,half_pitch_directional,One-half of reported 40 nm BL pitch (directional planar half-pitch); orthogonal SSL pitch is 750 nm; not 32 nm CMOS peripheral node,75,1,1,"[{""source_id"":""NAND-04"",""locator"":""PDF p2 Section II-A / Fig1: BL pitch 40 nm, SSL pitch 0.75 um, three SSLs, 32 WLs, 13824 BL x 32 WL x 3 SSL physical cells""},{""source_id"":""NAND-05"",""locator"":""PDF p1 Section II(b): measured chip is 16-layer 64Gb SLC SGVC""}]",
