case_id,name,K,N,NVM_delta_S_ns,NVM_T_R_ns,NVM_rho_MB_s,NVM_tau_MB_s,V1_delta_S_ns,V1_T_R_ns,V1_rho_MB_s,V1_tau_MB_s,V2_delta_S_ns,V2_T_R_ns,V2_rho_MB_s,V2_tau_MB_s,V1_period_ns,V2_period_ns,V2_RI_star,V2_U_star,V2_availability
01_sram_acim,SRAM ACIM,128,128,3210.0,5120.0,39.875389408099686,3200.0,2890.0,5120.0,44.29065743944637,3200.0,2890.0,5120.0,44.29065743944637,3200.0,5.0,5.0,0.01384083044982699,1.7716262975778547,1.0
02_sram_dcim,SRAM DCIM,128,16,330.0,640.0,387.8787878787879,3200.0,330.0,640.0,387.8787878787879,3200.0,330.0,640.0,387.8787878787879,3200.0,5.0,5.0,0.12121212121212122,1.9393939393939394,1.0
03_nor_2d,2D NOR,128,128,5290.0,205605800.0,24.196597353497165,0.07968646798874351,7060.0,205612280.0,18.13031161473088,0.07968395661971162,6273.0,205609968.0,20.404909931452256,0.07968485263321474,10.0,8.5,256.0701219512195,32776.9756097561,1.0
04_nand_3d,3D NAND,4608,240,674860.0,1916119720.0,6.82808286163056,0.5771664413536749,685710.0,1923285366.0,6.720042000262501,0.5750160738237531,685710.0,1923285366.0,6.720042000262501,0.5750160738237531,9.0,9.0,11.686702870017939,2804.808688804305,1.0
05_rram,RRAM,128,64,5130.0,1911760.0000000005,24.951267056530213,4.285056701678034,4490.0,1911765.0,28.50779510022272,4.285045494608386,4490.0,1911765.0,28.50779510022272,4.285045494608386,5.0,5.0,6.652857043429845,425.78285077951,1.0
06_mram,MRAM,256,32,810.0,107520.0,316.04938271604937,76.19047619047619,1782.0,168960.0,143.658810325477,48.484848484848484,1458.0,129024.0,175.58299039780522,63.492063492063494,11.0,9.0,2.765432098765432,88.49382716049382,1.0
07_pcm,PCM,256,128,102410.0,4766720.0,2.49975588321453,6.874328678839957,116755.0,4854272.0,2.1926255834867883,6.750342790844847,92170.0,4684800.0,2.7774764023000977,6.994535519125683,9.5,5.0,0.39709232939134204,50.82781816209179,1.0
08_feram_hfo2,HZO FeRAM,128,128,4810.0,153600.0,26.611226611226613,106.66666666666667,6100.0,174080.0,20.983606557377048,94.11764705882352,5729.0,165376.0,22.342468144527842,99.07120743034056,10.0,8.5,0.2255192878338279,28.86646884272997,1.0
09_gain_cell_edram,GC-04,64,64,3914.0,20480.0,13.625671946857436,166.659,4246.0,25344.0,12.309072067828543,131.98060606060605,3707.0,21120.0,14.403377454801953,161.7979400756086,11.0,5.5,0.08902077151335312,5.6973293768546,0.8342706285148569
10_fenor_3d,垂直 AND FeFET,128,128,2730.0,271360.0,46.88644688644688,60.37735849056604,4500.0,337920.0,28.444444444444443,48.484848484848484,3553.0,304640.0,36.025893611032934,53.78151260504202,10.0,8.5,0.6698564593301436,85.74162679425838,1.0
