case_id,U,P_bound_over_rho
06_mram,1.0,0.007533482142857143
06_mram,1.0405213664844113,0.007838749133671625
06_mram,1.0826847141105869,0.008156385960096497
06_mram,1.1265565781981322,0.008486893864773876
06_mram,1.172206190168723,0.00883079440138268
06_mram,1.2197055867958455,0.009188630257669595
06_mram,1.269129723881484,0.009560966111830377
06_mram,1.3205565945391455,0.009948389523592893
06_mram,1.3740673522698725,0.010351511861408081
06_mram,1.4297464390254648,0.010770969267211928
06_mram,1.4876817184609978,0.011207423660280956
06_mram,1.5479646145869148,0.011661563781765263
06_mram,1.6106902560394918,0.012134106281547511
06_mram,1.6759576261973386,0.012625796849142897
06_mram,1.743869719380825,0.013137411390424743
06_mram,1.814533703380923,0.013669757252032623
06_mram,1.8880610885739377,0.014223674495395178
06_mram,1.9645679038889992,0.014800037222378064
06_mram,2.044174879905997,0.015399754954648973
06_mram,2.1270076393728954,0.016023774068936434
06_mram,2.213196895443067,0.016673079290447215
06_mram,2.3028786579454774,0.01734869524679908
06_mram,2.396194448013216,0.01805168808492099
06_mram,2.4932915214090707,0.018783167153472353
06_mram,2.5943231009005636,0.019544286753436165
06_mram,2.69944861805113,0.02033624795964858
06_mram,2.808833964809018,0.021160300516139367
06_mram,2.922651755290906,0.022017744808274124
06_mram,3.041081598173357,0.02290993391481045
06_mram,3.1643103801219397,0.02383827574310613
06_mram,3.292532560705287,0.024804235250848985
06_mram,3.425950479259484,0.025809336757814196
06_mram,3.5647746741870026,0.026855166351297175
06_mram,3.709224215194083,0.027943374389017926
06_mram,3.859527048990816,0.029075678103446436
06_mram,4.0159203589994705,0.03025386431165896
06_mram,4.178650939638697,0.031479792235001344
06_mram,4.347975585774227,0.03275539643300897
06_mram,4.524161497950657,0.0340826898562131
06_mram,4.70748670404378,0.03546376702265125
06_mram,4.898240497998832,0.03690080732309388
06_mram,5.0967238963470285,0.03839607846020362
06_mram,5.303250113220765,0.03995194002705375
06_mram,5.518145054617078,0.04157084723065321
06_mram,5.741747832689359,0.04325535476635399
06_mram,5.97441130087884,0.04500812084925466
06_mram,6.216502610730359,0.04683191140896197
06_mram,6.468403791271065,0.048729604454330014
06_mram,6.730512351866317,0.05070419461506433
06_mram,7.003241909504149,0.05275879786735827
06_mram,7.287022841498157,0.05489665645101848
06_mram,7.582302964638779,0.05712114398583902
06_mram,7.8895482418647465,0.059435770795298035
06_mram,8.209243517569792,0.06184418944597779
06_mram,8.541893282705015,0.06435020051144962
06_mram,8.888022470884236,0.06695775856971942
06_mram,9.248177286748621,0.06967097844369777
06_mram,9.622926067897772,0.07249414169454238
06_mram,10.012860181747454,0.07543170337811977
06_mram,10.418594958729214,0.07848829907524799
06_mram,10.840770663304516,0.08166875220681416
06_mram,11.280053504325736,0.08497808164531107
06_mram,11.737136686338289,0.08842150963480296
06_mram,12.212741503483032,0.09200447003181972
06_mram,12.70761847772505,0.09573261688018314
06_mram,13.222548543205027,0.0996118333332968
06_mram,13.758344278582157,0.10364824093797943
06_mram,14.31585118931329,0.10784820929449188
06_mram,14.895949041891754,0.1122183661080015
06_mram,15.499553252151358,0.11676560764734562
06_mram,16.127616329826434,0.1214971096275987
06_mram,16.78112938164731,0.12642033853361534
06_mram,17.461123675343366,0.13154306340241934
06_mram,18.16867226702159,0.13687336808303097
06_mram,18.904891694488736,0.1424196639930792
06_mram,19.67094373918922,0.1481907033923295
06_mram,20.468037259539134,0.15419559319407272
06_mram,21.29743009854951,0.16044380933617097
06_mram,22.160431068748967,0.16694521173443697
06_mram,23.058402017538285,0.1737100598419458
06_mram,23.992759976235845,0.18074902883883032
06_mram,24.964979396205415,0.18807322647811
06_mram,25.976594475594837,0.19569421061413522
06_mram,27.029201580357356,0.2036240074413082
06_mram,28.124461763376047,0.21187513047186196
06_mram,29.264103385666612,0.2204606002826447
06_mram,30.449924843794914,0.22939396506207108
06_mram,31.683797407813113,0.23868932198966353
06_mram,32.96766817419295,0.24836133948192235
06_mram,34.303563138415896,0.2584252803396287
06_mram,35.69359039206879,0.26889702583310754
06_mram,37.13994344949028,0.27979310076345915
06_mram,38.64490470921737,0.291130699539305
06_mram,40.21084905569473,0.3029277133102003
06_mram,41.840247606929886,0.3152027581995276
06_mram,43.53567161400881,0.327975204681428
06_mram,45.29979651862505,0.341265208148124
06_mram,47.13540617502552,0.3550937407158731
06_mram,49.045397243035325,0.3694826243197416
06_mram,51.0327837590939,0.38445456514942394
06_mram,53.10070189251587,0.40003318948044886
06_mram,55.25241489448196,0.4162430809573139
06_mram,57.491318247570014,0.43310981938738574
06_mram,59.82094502395173,0.4506600211067792
06_mram,62.24497146071111,0.4689213809819197
06_mram,64.76722276108232,0.4879227161130644
06_mram,67.39167913076164,0.5076940113087512
06_mram,70.1224820588191,0.5282664664029341
06_mram,72.96394085312104,0.5496725454894722
06_mram,75.92053944057729,0.5719460281516704
06_mram,78.99694344294313,0.5951220627677078
06_mram,82.19800753934295,0.619237221976077
06_mram,85.5287831271331,0.6443295603885585
06_mram,88.9945262931934,0.6704386746418031
06_mram,92.60070610822648,0.6976057658822865
06_mram,96.35301325715321,0.7258737047832413
06_mram,100.25736901922366,0.7552870991961604
06_mram,104.3199346120145,0.7858923645436361
06_mram,108.54712091405779,0.8177377970646095
06_mram,112.94559858144405,0.8508736500276198
06_mram,117.52230857436385,0.885352213032317
06_mram,122.28447311019973,0.9212278945243841
06_mram,127.23960706045129,0.9585573076540695
06_mram,128.0,0.9642857142857143
06_mram,132.39552980948037,0.997399359613831
06_mram,132.74074074074073,1.0
06_mram,137.76037759378812,1.0
06_mram,143.34261634129692,1.0
06_mram,149.151055030897,1.0
06_mram,155.1948595933406,1.0
06_mram,161.48356737541914,1.0
06_mram,168.02710219024866,1.0
06_mram,174.83578997741336,1.0
06_mram,181.92037509767974,1.0
06_mram,189.29203728799442,1.0
06_mram,196.96240930352212,1.0
06_mram,204.9435952745628,1.0
06_mram,213.24818980731624,1.0
06_mram,221.88929785863584,1.0
06_mram,230.88055541613411,1.0
06_mram,240.23615101627576,1.0
06_mram,249.9708481344107,1.0
06_mram,260.1000084820843,1.0
06_mram,270.6396162483854,1.0
06_mram,281.6063033235867,1.0
06_mram,293.0173755448821,1.0
06_mram,304.8908400056367,1.0
06_mram,317.2454334712451,1.0
06_mram,330.1006519464394,1.0
06_mram,343.47678144070426,1.0
06_mram,357.3949299803491,1.0
06_mram,371.87706091775345,1.0
06_mram,386.9460275903475,1.0
06_mram,402.62560938402316,1.0
06_mram,418.94054925788225,1.0
06_mram,435.91659278954154,1.0
06_mram,453.5805288026025,1.0
06_mram,471.96023164040594,1.0
06_mram,491.0847051527745,1.0
06_mram,510.98412846515924,1.0
06_mram,531.6899036024136,1.0
06_mram,553.2347050423483,1.0
06_mram,575.6525312772646,1.0
06_mram,598.9787584648299,1.0
06_mram,623.2501962529609,1.0
06_mram,648.5051458668086,1.0
06_mram,674.7834605495042,1.0
06_mram,702.12660845205,1.0
06_mram,730.5777380715925,1.0
06_mram,760.1817463413438,1.0
06_mram,790.9853494796014,1.0
06_mram,823.0371567096637,1.0
06_mram,856.387746966984,1.0
06_mram,891.0897487145926,1.0
06_mram,927.1979229927587,1.0
06_mram,964.7692498339334,1.0
06_mram,1003.863018179345,1.0
06_mram,1024.0,1.0
06_mram,1044.5409194391375,1.0
06_mram,1086.867144843695,1.0
06_mram,1130.9084867397723,1.0
06_mram,1176.7344439912858,1.0
06_mram,1224.417331651087,1.0
06_mram,1274.0323950767856,1.0
06_mram,1325.6579286707047,1.0
06_mram,1379.375399431336,1.0
06_mram,1435.2695755112748,1.0
06_mram,1493.428659984491,1.0
06_mram,1553.9444300340463,1.0
06_mram,1616.9123817798657,1.0
06_mram,1682.4318809751503,1.0
06_mram,1750.606319809202,1.0
06_mram,1821.5432800641177,1.0
06_mram,1895.3547028828127,1.0
06_mram,1972.15706541628,1.0
06_mram,2052.0715646288345,1.0
06_mram,2135.224308551399,1.0
06_mram,2221.7465152846344,1.0
06_mram,2311.774720065947,1.0
06_mram,2405.450990727137,1.0
06_mram,2502.923151882682,1.0
06_mram,2604.3450182024385,1.0
06_mram,2709.8766371368706,1.0
06_mram,2819.684541477838,1.0
06_mram,2933.9420121534886,1.0
06_mram,3052.829351671972,1.0
06_mram,3176.53416864544,1.0
06_mram,3305.251673843377,1.0
06_mram,3439.184988242399,1.0
06_mram,3578.5454635586557,1.0
06_mram,3723.553015768644,1.0
06_mram,3874.4364721447405,1.0
06_mram,4031.433932353088,1.0
06_mram,4194.793144183659,1.0
06_mram,4364.771894505422,1.0
06_mram,4541.638416063535,1.0
06_mram,4725.6718107605275,1.0
06_mram,4917.162490089408,1.0
06_mram,5116.412633413722,1.0
06_mram,5323.736664817747,1.0
06_mram,5539.461749279325,1.0
06_mram,5763.9283089482515,1.0
06_mram,5997.490560345017,1.0
06_mram,6240.517073327556,1.0
06_mram,6493.391352708089,1.0
06_mram,6756.512443437881,1.0
06_mram,7030.295560314915,1.0
06_mram,7315.172743208166,1.0
06_mram,7611.5935388324815,1.0
06_mram,7920.025710149891,1.0
06_mram,8240.955974516835,1.0
06_mram,8574.890771742133,1.0
06_mram,8922.357063267693,1.0
06_mram,9283.90316373314,1.0
06_mram,9660.09960623656,1.0
06_mram,10051.540042656789,1.0
06_mram,10458.842180458021,1.0
06_mram,10882.648757454983,1.0
06_mram,11323.628556076941,1.0
06_mram,11782.477458731082,1.0
06_mram,12259.919545930641,1.0
06_mram,12756.708238920695,1.0
06_mram,13273.627488604712,1.0
06_mram,13811.493012647994,1.0
06_mram,14371.15358271039,1.0
06_mram,14953.492363839161,1.0
06_mram,15559.428308136137,1.0
06_mram,16189.917604898048,1.0
06_mram,16384.0,1.0
06_mram,16845.955189518547,1.0
06_mram,17528.576313533,1.0
06_mram,18238.858178283645,1.0
06_mram,18977.92163478308,1.0
06_mram,19746.93295245857,1.0
06_mram,20547.105659568242,1.0
06_mram,21379.702458193533,1.0
06_mram,22246.037216829667,1.0
06_mram,23147.477043718678,1.0
06_mram,24085.444444196703,1.0
06_mram,25061.41956545993,1.0
06_mram,26076.94253229153,1.0
06_mram,27133.615877435455,1.0
06_mram,28233.10707045226,1.0
06_mram,29377.151149047688,1.0
06_mram,30567.553457026195,1.0
06_mram,31806.192493190192,1.0
06_mram,33095.02287568049,1.0
06_mram,34436.07842643592,1.0
06_mram,35831.475380639466,1.0
06_mram,37283.41572621553,1.0
06_mram,38794.19067864817,1.0
06_mram,40366.18429660382,1.0
06_mram,42001.87724406379,1.0
06_mram,43703.850704903765,1.0
06_mram,45474.79045609717,1.0
06_mram,47317.491105970505,1.0
06_mram,49234.86050419841,1.0
06_mram,51229.92433049781,1.0
06_mram,53305.83086926258,1.0
06_mram,55465.85597767202,1.0
06_mram,57713.40825511485,1.0
06_mram,60052.03442208482,1.0
06_mram,62485.42491703662,1.0
06_mram,65017.41972003403,1.0
06_mram,67652.01441238033,1.0
06_mram,70393.36648179308,1.0
06_mram,73245.8018830733,1.0
06_mram,76213.82186462192,1.0
06_mram,79302.11007157591,1.0
06_mram,82515.53993677338,1.0
06_mram,85859.18237121045,1.0
06_mram,89338.3137661262,1.0
06_mram,92958.42431934274,1.0
06_mram,96725.22669900025,1.0
06_mram,100644.66505835822,1.0
06_mram,104722.92441588879,1.0
06_mram,108966.44041546434,1.0
06_mram,113381.90948204116,1.0
06_mram,117976.29938886531,1.0
06_mram,122756.86025287618,1.0
06_mram,127731.13597565866,1.0
06_mram,131072.0,1.0
06_mram,132906.9761479985,1.0
06_mram,138292.5484368265,1.0
06_mram,143896.35147409837,1.0
06_mram,149727.22826794998,1.0
06_mram,155794.38015729073,1.0
06_mram,162107.381331856,1.0
06_mram,168676.1939406324,1.0
06_mram,175511.18381249608,1.0
06_mram,182623.13681387514,1.0
06_mram,190023.275869243,1.0
06_mram,197723.278671309,1.0
06_mram,205735.29610884853,1.0
06_mram,214071.97144125408,1.0
06_mram,222746.4602500656,1.0
06_mram,231772.4511989639,1.0
06_mram,241164.1876349875,1.0
06_mram,250936.4900650602,1.0
06_mram,261104.77954329838,1.0
06_mram,271685.10200600384,1.0
06_mram,282694.15359274385,1.0
06_mram,294149.3069934759,1.0
06_mram,306068.6388632942,1.0
06_mram,318470.95834805875,1.0
06_mram,331375.83676592214,1.0
06_mram,344803.6384915926,1.0
06_mram,358775.55309206893,1.0
06_mram,373313.6287645601,1.0
06_mram,388440.80712935433,1.0
06_mram,404180.9594325435,1.0
06_mram,420558.9242157306,1.0
06_mram,437600.5465121661,1.0
06_mram,455332.71863116435,1.0
06_mram,473783.42259516113,1.0
06_mram,492981.7742963785,1.0
06_mram,512958.0694427774,1.0
06_mram,533743.8313658044,1.0
06_mram,555371.860765372,1.0
06_mram,577876.2874705752,1.0
06_mram,601292.6242978215,1.0
06_mram,625657.8230913671,1.0
06_mram,651010.3330346901,1.0
06_mram,677390.1613247276,1.0
06_mram,704838.9363047015,1.0
06_mram,733399.973155187,1.0
06_mram,763118.3422470659,1.0
06_mram,794040.9402642357,1.0
06_mram,826216.5642083095,1.0
06_mram,859695.9884020857,1.0
06_mram,894532.044613305,1.0
06_mram,930779.7054251307,1.0
06_mram,968496.1709849149,1.0
06_mram,1007740.9592681439,1.0
06_mram,1048576.0,1.0
06_mram,1048576.0000000007,1.0
04_nand_3d,1.0,0.00035220137497462845
04_nand_3d,1.0405213664844113,0.0003664730559662889
04_nand_3d,1.0826847141105869,0.0003813230449737612
04_nand_3d,1.1265565781981322,0.00039677477582809466
04_nand_3d,1.172206190168723,0.00041285263193119505
04_nand_3d,1.2197055867958455,0.0004295819847337328
04_nand_3d,1.269129723881484,0.00044698923377222923
04_nand_3d,1.3205565945391455,0.00046510184832849994
04_nand_3d,1.3740673522698725,0.0004839484107771962
04_nand_3d,1.4297464390254648,0.0005035586616898474
04_nand_3d,1.4876817184609978,0.0005239635467665815
04_nand_3d,1.5479646145869148,0.0005451952656695822
04_nand_3d,1.6106902560394918,0.0005672873228353453
04_nand_3d,1.6759576261973386,0.000590274580345917
04_nand_3d,1.743869719380825,0.000614193312942546
04_nand_3d,1.814533703380923,0.0006390812652685657
04_nand_3d,1.8880610885739377,0.0006649777114318346
04_nand_3d,1.9645679038889992,0.0006919235169807292
04_nand_3d,2.044174879905997,0.0007199612033914881
04_nand_3d,2.1270076393728954,0.0007491350151686724
04_nand_3d,2.213196895443067,0.0007794909896646272
04_nand_3d,2.3028786579454774,0.0008110770297281242
04_nand_3d,2.396194448013216,0.0008439429792968255
04_nand_3d,2.4932915214090707,0.0008781407020528579
04_nand_3d,2.5943231009005636,0.0009137241632656202
04_nand_3d,2.69944861805113,0.0009507495149509687
04_nand_3d,2.808833964809018,0.0009892751844811731
04_nand_3d,2.922651755290906,0.0010293619667854684
04_nand_3d,3.041081598173357,0.001071073120286697
04_nand_3d,3.1643103801219397,0.0011144744667254364
04_nand_3d,3.292532560705287,0.0011596344950291365
04_nand_3d,3.425950479259484,0.0012066244693901774
04_nand_3d,3.5647746741870026,0.0012555185417233955
04_nand_3d,3.709224215194083,0.001306393868680543
04_nand_3d,3.859527048990816,0.0013593307334063354
04_nand_3d,4.0159203589994705,0.001414412672228217
04_nand_3d,4.178650939638697,0.001471726606479772
04_nand_3d,4.347975585774227,0.0015313629796657984
04_nand_3d,4.524161497950657,0.001593415900185496
04_nand_3d,4.70748670404378,0.0016579832898390011
04_nand_3d,4.898240497998832,0.0017251670383515974
04_nand_3d,5.0967238963470285,0.0017950731641594691
04_nand_3d,5.303250113220765,0.0018678119817107071
04_nand_3d,5.518145054617078,0.0019434982755455808
04_nand_3d,5.741747832689359,0.002022251481430785
04_nand_3d,5.97441130087884,0.002104195874833486
04_nand_3d,6.216502610730359,0.0021894607670325996
04_nand_3d,6.468403791271065,0.0022781807091767684
04_nand_3d,6.730512351866317,0.002370495704611037
04_nand_3d,7.003241909504149,0.002466551429807304
04_nand_3d,7.287022841498157,0.002566499464247175
04_nand_3d,7.582302964638779,0.0026704975296199794
04_nand_3d,7.8895482418647465,0.0027787097387134262
04_nand_3d,8.209243517569792,0.002891306854389636
04_nand_3d,8.541893282705015,0.0030084665590552487
04_nand_3d,8.888022470884236,0.0031303737350508224
04_nand_3d,9.248177286748621,0.003257220756401993
04_nand_3d,9.622926067897772,0.0033892077923927903
04_nand_3d,10.012860181747454,0.0035265431234401613
04_nand_3d,10.418594958729214,0.0036694434697681615
04_nand_3d,10.840770663304516,0.003818134333400465
04_nand_3d,11.280053504325736,0.0039728503540109
04_nand_3d,11.737136686338289,0.0041338356791935
04_nand_3d,12.212741503483032,0.004301344349736435
04_nand_3d,12.70761847772505,0.004475640700507757
04_nand_3d,13.222548543205027,0.004656999777585581
04_nand_3d,13.758344278582157,0.0048457077722909485
04_nand_3d,14.31585118931329,0.005042062472808311
04_nand_3d,14.895949041891754,0.005246373734106275
04_nand_3d,15.499553252151358,0.005458963966900182
04_nand_3d,16.127616329826434,0.005680168646428141
04_nand_3d,16.78112938164731,0.005910336841843319
04_nand_3d,17.461123675343366,0.006149831767057971
04_nand_3d,18.16867226702159,0.006399031353908404
04_nand_3d,18.904891694488736,0.006658328848545366
04_nand_3d,19.67094373918922,0.0069281334319910015
04_nand_3d,20.468037259539134,0.0072088708658416085
04_nand_3d,21.29743009854951,0.007500984164135173
04_nand_3d,22.160431068748967,0.007804934292443861
04_nand_3d,23.058402017538285,0.008121200895294731
04_nand_3d,23.992759976235845,0.008450283053066499
04_nand_3d,24.964979396205415,0.008792700069556816
04_nand_3d,25.976594475594837,0.009148992291462838
04_nand_3d,27.029201580357356,0.00951972196106826
04_nand_3d,28.124461763376047,0.009905474103482408
04_nand_3d,29.264103385666612,0.01030685744983146
04_nand_3d,30.449924843794914,0.010724505397858667
04_nand_3d,31.683797407813113,0.011159077011449347
04_nand_3d,32.96766817419295,0.011611258060658056
04_nand_3d,34.303563138415896,0.01208176210387906
04_nand_3d,35.69359039206879,0.012571331613867816
04_nand_3d,37.13994344949028,0.013080739149390421
04_nand_3d,38.64490470921737,0.013610788574349851
04_nand_3d,40.21084905569473,0.014162316326312924
04_nand_3d,41.840247606929886,0.014736192736439613
04_nand_3d,43.53567161400881,0.015333323402897805
04_nand_3d,45.29979651862505,0.01595465061993063
04_nand_3d,47.13540617502552,0.01660115486483158
04_nand_3d,49.045397243035325,0.017273856345173894
04_nand_3d,51.0327837590939,0.01797381660873576
04_nand_3d,53.10070189251587,0.018702140218661945
04_nand_3d,55.25241489448196,0.019459976496505185
04_nand_3d,57.491318247570014,0.020248521335898106
04_nand_3d,59.82094502395173,0.021069019089717457
04_nand_3d,62.24497146071111,0.02192276453371896
04_nand_3d,64.76722276108232,0.022811104909741246
04_nand_3d,67.39167913076164,0.023735442051703224
04_nand_3d,70.1224820588191,0.024697234597749803
04_nand_3d,72.96394085312104,0.025698000292036696
04_nand_3d,75.92053944057729,0.02673931837978683
04_nand_3d,78.99694344294313,0.02782283209939753
04_nand_3d,82.19800753934295,0.028950251275531462
04_nand_3d,85.5287831271331,0.03012335501728308
04_nand_3d,88.9945262931934,0.03134399452567844
04_nand_3d,92.60070610822648,0.03261409601493884
04_nand_3d,96.35301325715321,0.03393566375211796
04_nand_3d,100.25736901922366,0.03531078321990929
04_nand_3d,104.3199346120145,0.03674162440761484
04_nand_3d,108.54712091405779,0.0382304452354684
04_nand_3d,112.94559858144405,0.03977959511771704
04_nand_3d,117.52230857436385,0.04139151867008351
04_nand_3d,122.28447311019973,0.04306875956746032
04_nand_3d,127.23960706045129,0.04481396455792239
04_nand_3d,128.0,0.04508177599675244
04_nand_3d,132.39552980948037,0.046629887639393394
04_nand_3d,137.76037759378812,0.04851939440555617
04_nand_3d,143.34261634129692,0.050485466567865414
04_nand_3d,149.151055030897,0.05253120666079839
04_nand_3d,155.1948595933406,0.05465984293776896
04_nand_3d,161.48356737541914,0.05687473446543067
04_nand_3d,168.02710219024866,0.05917937642440798
04_nand_3d,174.83578997741336,0.06157740562482034
04_nand_3d,181.92037509767974,0.06407260624530296
04_nand_3d,189.29203728799442,0.06666891580458027
04_nand_3d,196.96240930352212,0.06937043137501604
04_nand_3d,204.9435952745628,0.07218141604794479
04_nand_3d,213.24818980731624,0.07510630566098732
04_nand_3d,221.88929785863584,0.07814971579796642
04_nand_3d,230.88055541613411,0.08131644907246834
04_nand_3d,240.23615101627576,0.0846115027065448
04_nand_3d,249.9708481344107,0.08804007641651347
04_nand_3d,260.1000084820843,0.09160758061830261
04_nand_3d,270.6396162483854,0.09531964496528712
04_nand_3d,281.6063033235867,0.09918212723208951
04_nand_3d,293.0173755448821,0.10320112255836454
04_nand_3d,304.8908400056367,0.10738297306715469
04_nand_3d,317.2454334712451,0.11173427787299454
04_nand_3d,330.1006519464394,0.11626190349555722
04_nand_3d,343.47678144070426,0.12097299469527598
04_nand_3d,357.3949299803491,0.12587498574804
04_nand_3d,371.87706091775345,0.13097561217675643
04_nand_3d,386.9460275903475,0.1362829229582909
04_nand_3d,402.62560938402316,0.14180529322505062
04_nand_3d,418.94054925788225,0.14755143748125218
04_nand_3d,435.91659278954154,0.15353042335473174
04_nand_3d,453.5805288026025,0.15975168590599564
04_nand_3d,471.96023164040594,0.1662250425170951
04_nand_3d,491.0847051527745,0.1729607083838172
04_nand_3d,510.98412846515924,0.17996931263564125
04_nand_3d,531.6899036024136,0.1872619151088977
04_nand_3d,553.2347050423483,0.19485002379959807
04_nand_3d,575.6525312772646,0.2027456130234779
04_nand_3d,598.9787584648299,0.21096114231190893
04_nand_3d,623.2501962529609,0.21950957607349986
04_nand_3d,648.5051458668086,0.22840440405241194
04_nand_3d,674.7834605495042,0.2376596626156733
04_nand_3d,702.12660845205,0.2472899569030846
04_nand_3d,730.5777380715925,0.2573104838746688
04_nand_3d,760.1817463413438,0.2677370562920355
04_nand_3d,790.9853494796014,0.2785861276715026
04_nand_3d,823.0371567096637,0.28987481824835226
04_nand_3d,856.387746966984,0.30162094199319595
04_nand_3d,891.0897487145926,0.3138430347230757
04_nand_3d,927.1979229927587,0.32656038335166926
04_nand_3d,964.7692498339334,0.33979305632475215
04_nand_3d,1003.863018179345,0.35356193528894575
04_nand_3d,1024.0,0.36065420797401954
04_nand_3d,1044.5409194391375,0.36788874804372684
04_nand_3d,1086.867144843695,0.382796102828698
04_nand_3d,1130.9084867397723,0.3983075240002242
04_nand_3d,1176.7344439912858,0.41444748915373575
04_nand_3d,1224.417331651087,0.43124146775027844
04_nand_3d,1274.0323950767856,0.4487159613082629
04_nand_3d,1325.6579286707047,0.4668985452238401
04_nand_3d,1379.375399431336,0.4858179122858939
04_nand_3d,1435.2695755112748,0.5055039179543223
04_nand_3d,1493.428659984491,0.5259876274730546
04_nand_3d,1553.9444300340463,0.5473013648921564
04_nand_3d,1616.9123817798657,0.56947876407637
04_nand_3d,1682.4318809751503,0.5925548217805984
04_nand_3d,1750.606319809202,0.6165659528760751
04_nand_3d,1821.5432800641177,0.641550047814377
04_nand_3d,1895.3547028828127,0.667546532419955
04_nand_3d,1972.15706541628,0.6945964301055421
04_nand_3d,2052.0715646288345,0.7227424266086127
04_nand_3d,2135.224308551399,0.752028937351053
04_nand_3d,2221.7465152846344,0.7825021775283375
04_nand_3d,2311.774720065947,0.8142102350388133
04_nand_3d,2405.450990727137,0.84720314636818
04_nand_3d,2502.923151882682,0.8815329755489113
04_nand_3d,2604.3450182024385,0.9172538963192226
04_nand_3d,2709.8766371368706,0.9544222776112281
04_nand_3d,2819.684541477838,0.9930967725031993
04_nand_3d,2839.2847701745545,1.0
04_nand_3d,2933.9420121534886,1.0
04_nand_3d,3052.829351671972,1.0
04_nand_3d,3176.53416864544,1.0
04_nand_3d,3305.251673843377,1.0
04_nand_3d,3439.184988242399,1.0
04_nand_3d,3578.5454635586557,1.0
04_nand_3d,3723.553015768644,1.0
04_nand_3d,3874.4364721447405,1.0
04_nand_3d,4031.433932353088,1.0
04_nand_3d,4194.793144183659,1.0
04_nand_3d,4364.771894505422,1.0
04_nand_3d,4541.638416063535,1.0
04_nand_3d,4725.6718107605275,1.0
04_nand_3d,4917.162490089408,1.0
04_nand_3d,5116.412633413722,1.0
04_nand_3d,5323.736664817747,1.0
04_nand_3d,5539.461749279325,1.0
04_nand_3d,5763.9283089482515,1.0
04_nand_3d,5997.490560345017,1.0
04_nand_3d,6240.517073327556,1.0
04_nand_3d,6493.391352708089,1.0
04_nand_3d,6756.512443437881,1.0
04_nand_3d,7030.295560314915,1.0
04_nand_3d,7315.172743208166,1.0
04_nand_3d,7611.5935388324815,1.0
04_nand_3d,7920.025710149891,1.0
04_nand_3d,8240.955974516835,1.0
04_nand_3d,8574.890771742133,1.0
04_nand_3d,8922.357063267693,1.0
04_nand_3d,9283.90316373314,1.0
04_nand_3d,9660.09960623656,1.0
04_nand_3d,10051.540042656789,1.0
04_nand_3d,10458.842180458021,1.0
04_nand_3d,10882.648757454983,1.0
04_nand_3d,11323.628556076941,1.0
04_nand_3d,11782.477458731082,1.0
04_nand_3d,12259.919545930641,1.0
04_nand_3d,12756.708238920695,1.0
04_nand_3d,13273.627488604712,1.0
04_nand_3d,13811.493012647994,1.0
04_nand_3d,14371.15358271039,1.0
04_nand_3d,14953.492363839161,1.0
04_nand_3d,15559.428308136137,1.0
04_nand_3d,16189.917604898048,1.0
04_nand_3d,16384.0,1.0
04_nand_3d,16845.955189518547,1.0
04_nand_3d,17528.576313533,1.0
04_nand_3d,18238.858178283645,1.0
04_nand_3d,18977.92163478308,1.0
04_nand_3d,19746.93295245857,1.0
04_nand_3d,20547.105659568242,1.0
04_nand_3d,21379.702458193533,1.0
04_nand_3d,22246.037216829667,1.0
04_nand_3d,23147.477043718678,1.0
04_nand_3d,24085.444444196703,1.0
04_nand_3d,25061.41956545993,1.0
04_nand_3d,26076.94253229153,1.0
04_nand_3d,27133.615877435455,1.0
04_nand_3d,28233.10707045226,1.0
04_nand_3d,29377.151149047688,1.0
04_nand_3d,30567.553457026195,1.0
04_nand_3d,31806.192493190192,1.0
04_nand_3d,33095.02287568049,1.0
04_nand_3d,34436.07842643592,1.0
04_nand_3d,35831.475380639466,1.0
04_nand_3d,37283.41572621553,1.0
04_nand_3d,38794.19067864817,1.0
04_nand_3d,40366.18429660382,1.0
04_nand_3d,42001.87724406379,1.0
04_nand_3d,43703.850704903765,1.0
04_nand_3d,45474.79045609717,1.0
04_nand_3d,47317.491105970505,1.0
04_nand_3d,49234.86050419841,1.0
04_nand_3d,51229.92433049781,1.0
04_nand_3d,53305.83086926258,1.0
04_nand_3d,55465.85597767202,1.0
04_nand_3d,57713.40825511485,1.0
04_nand_3d,60052.03442208482,1.0
04_nand_3d,62485.42491703662,1.0
04_nand_3d,65017.41972003403,1.0
04_nand_3d,67652.01441238033,1.0
04_nand_3d,70393.36648179308,1.0
04_nand_3d,73245.8018830733,1.0
04_nand_3d,76213.82186462192,1.0
04_nand_3d,79302.11007157591,1.0
04_nand_3d,82515.53993677338,1.0
04_nand_3d,85859.18237121045,1.0
04_nand_3d,89338.3137661262,1.0
04_nand_3d,92958.42431934274,1.0
04_nand_3d,96725.22669900025,1.0
04_nand_3d,100644.66505835822,1.0
04_nand_3d,104722.92441588879,1.0
04_nand_3d,108966.44041546434,1.0
04_nand_3d,113381.90948204116,1.0
04_nand_3d,117976.29938886531,1.0
04_nand_3d,122756.86025287618,1.0
04_nand_3d,127731.13597565866,1.0
04_nand_3d,131072.0,1.0
04_nand_3d,132906.9761479985,1.0
04_nand_3d,138292.5484368265,1.0
04_nand_3d,143896.35147409837,1.0
04_nand_3d,149727.22826794998,1.0
04_nand_3d,155794.38015729073,1.0
04_nand_3d,162107.381331856,1.0
04_nand_3d,168676.1939406324,1.0
04_nand_3d,175511.18381249608,1.0
04_nand_3d,182623.13681387514,1.0
04_nand_3d,190023.275869243,1.0
04_nand_3d,197723.278671309,1.0
04_nand_3d,205735.29610884853,1.0
04_nand_3d,214071.97144125408,1.0
04_nand_3d,222746.4602500656,1.0
04_nand_3d,231772.4511989639,1.0
04_nand_3d,241164.1876349875,1.0
04_nand_3d,250936.4900650602,1.0
04_nand_3d,261104.77954329838,1.0
04_nand_3d,271685.10200600384,1.0
04_nand_3d,282694.15359274385,1.0
04_nand_3d,294149.3069934759,1.0
04_nand_3d,306068.6388632942,1.0
04_nand_3d,318470.95834805875,1.0
04_nand_3d,331375.83676592214,1.0
04_nand_3d,344803.6384915926,1.0
04_nand_3d,358775.55309206893,1.0
04_nand_3d,373313.6287645601,1.0
04_nand_3d,388440.80712935433,1.0
04_nand_3d,404180.9594325435,1.0
04_nand_3d,420558.9242157306,1.0
04_nand_3d,437600.5465121661,1.0
04_nand_3d,455332.71863116435,1.0
04_nand_3d,473783.42259516113,1.0
04_nand_3d,492981.7742963785,1.0
04_nand_3d,512958.0694427774,1.0
04_nand_3d,533743.8313658044,1.0
04_nand_3d,555371.860765372,1.0
04_nand_3d,577876.2874705752,1.0
04_nand_3d,601292.6242978215,1.0
04_nand_3d,625657.8230913671,1.0
04_nand_3d,651010.3330346901,1.0
04_nand_3d,677390.1613247276,1.0
04_nand_3d,704838.9363047015,1.0
04_nand_3d,733399.973155187,1.0
04_nand_3d,763118.3422470659,1.0
04_nand_3d,794040.9402642357,1.0
04_nand_3d,826216.5642083095,1.0
04_nand_3d,859695.9884020857,1.0
04_nand_3d,894532.044613305,1.0
04_nand_3d,930779.7054251307,1.0
04_nand_3d,968496.1709849149,1.0
04_nand_3d,1007740.9592681439,1.0
04_nand_3d,1048576.0,1.0
04_nand_3d,1048576.0000000007,1.0
03_nor_2d,1.0,2.5728846170681953e-05
03_nor_2d,1.0405213664844113,2.6771414175585198e-05
03_nor_2d,1.0826847141105869,2.7856228460700057e-05
03_nor_2d,1.1265565781981322,2.8985000903029578e-05
03_nor_2d,1.172206190168723,3.0159512747172233e-05
03_nor_2d,1.2197055867958455,3.1381617416191676e-05
03_nor_2d,1.269129723881484,3.2653243436386765e-05
03_nor_2d,1.3205565945391455,3.3976397480577296e-05
03_nor_2d,1.3740673522698725,3.53531675347078e-05
03_nor_2d,1.4297464390254648,3.678572619276649e-05
03_nor_2d,1.4876817184609978,3.827633408521879e-05
03_nor_2d,1.5479646145869148,3.982734344636571e-05
03_nor_2d,1.6106902560394918,4.144120182625641e-05
03_nor_2d,1.6759576261973386,4.312045595301261e-05
03_nor_2d,1.743869719380825,4.486775575165955e-05
03_nor_2d,1.814533703380923,4.668585852580561e-05
03_nor_2d,1.8880610885739377,4.8577633308769155e-05
03_nor_2d,1.9645679038889992,5.0546065391019145e-05
03_nor_2d,2.044174879905997,5.2594261031073646e-05
03_nor_2d,2.1270076393728954,5.472545235729058e-05
03_nor_2d,2.213196895443067,5.6943002468285545e-05
03_nor_2d,2.3028786579454774,5.9250410740025695e-05
03_nor_2d,2.396194448013216,6.165131834797419e-05
03_nor_2d,2.4932915214090707,6.414951401299955e-05
03_nor_2d,2.5943231009005636,6.67489399801172e-05
03_nor_2d,2.69944861805113,6.945369823949751e-05
03_nor_2d,2.808833964809018,7.226805699955791e-05
03_nor_2d,2.922651755290906,7.519645742235331e-05
03_nor_2d,3.041081598173357,7.824352063189394e-05
03_nor_2d,3.1643103801219397,8.141405500644953e-05
03_nor_2d,3.292532560705287,8.471306376634787e-05
03_nor_2d,3.425950479259484,8.814575286924137e-05
03_nor_2d,3.5647746741870026,9.171753922530026e-05
03_nor_2d,3.709224215194083,9.543405924529706e-05
03_nor_2d,3.859527048990816,9.930117773507076e-05
03_nor_2d,4.0159203589994705,0.00010332499715040722
03_nor_2d,4.178650939638697,0.00010751186722693963
03_nor_2d,4.347975585774227,0.00011186839500026585
03_nor_2d,4.524161497950657,0.00011640145523209449
03_nor_2d,4.70748670404378,0.00012111820125887301
03_nor_2d,4.898240497998832,0.0001260260762800165
03_nor_2d,5.0967238963470285,0.00013113282510355146
03_nor_2d,5.303250113220765,0.0001364465063677087
03_nor_2d,5.518145054617078,0.00014197550525775216
03_nor_2d,5.741747832689359,0.00014772854673811102
03_nor_2d,5.97441130087884,0.00015371470932069552
03_nor_2d,6.216502610730359,0.00015994343939112416
03_nor_2d,6.468403791271065,0.00016642456611546918
03_nor_2d,6.730512351866317,0.00017316831695104326
03_nor_2d,7.003241909504149,0.0001801853337857052
03_nor_2d,7.287022841498157,0.00018748668973115178
03_nor_2d,7.582302964638779,0.00019508390659669686
03_nor_2d,7.8895482418647465,0.00020298897307111232
03_nor_2d,8.209243517569792,0.0002112143636412212
03_nor_2d,8.541893282705015,0.00021977305827709882
03_nor_2d,8.888022470884236,0.00022867856291494503
03_nor_2d,9.248177286748621,0.00023794493076995007
03_nor_2d,9.622926067897772,0.00024758678451278714
03_nor_2d,10.012860181747454,0.0002576193393447268
03_nor_2d,10.418594958729214,0.00026805842700778644
03_nor_2d,10.840770663304516,0.00027892052076780366
03_nor_2d,11.280053504325736,0.00029022276140985875
03_nor_2d,11.737136686338289,0.00030198298428706555
03_nor_2d,12.212741503483032,0.000314219747465418
03_nor_2d,12.70761847772505,0.0003269523610091034
03_nor_2d,13.222548543205027,0.0003402009174524969
03_nor_2d,13.758344278582157,0.0003539863235069225
03_nor_2d,14.31585118931329,0.00036833033305221595
03_nor_2d,14.895949041891754,0.00038325558146515016
03_nor_2d,15.499553252151358,0.0003987856213388955
03_nor_2d,16.127616329826434,0.0004149449596498826
03_nor_2d,16.78112938164731,0.00043175909643071485
03_nor_2d,17.461123675343366,0.00044925456501016214
03_nor_2d,18.16867226702159,0.0004674589738837339
03_nor_2d,18.904891694488736,0.0004864010502809036
03_nor_2d,19.67094373918922,0.0005061106854977387
03_nor_2d,20.468037259539134,0.000526618982066469
03_nor_2d,21.29743009854951,0.0005479583028364321
03_nor_2d,22.160431068748967,0.0005701623220438432
03_nor_2d,23.058402017538285,0.0005932660784509849
03_nor_2d,23.992759976235845,0.0006173060306386668
03_nor_2d,24.964979396205415,0.0006423201145392136
03_nor_2d,25.976594475594837,0.0006683478033007662
03_nor_2d,27.029201580357356,0.0006954301695773679
03_nor_2d,28.124461763376047,0.0007236099503431288
03_nor_2d,29.264103385666612,0.0007529316143327491
03_nor_2d,30.449924843794914,0.0007834414322148261
03_nor_2d,31.683797407813113,0.0008151875496086752
03_nor_2d,32.96766817419295,0.0008482200630598976
03_nor_2d,34.303563138415896,0.0008825910990945784
03_nor_2d,35.69359039206879,0.0009183548964768693
03_nor_2d,37.13994344949028,0.0009555678917997623
03_nor_2d,38.64490470921737,0.0009942888085441163
03_nor_2d,40.21084905569473,0.0010345787497464815
03_nor_2d,41.840247606929886,0.0010765012944219427
03_nor_2d,43.53567161400881,0.0011201225978941577
03_nor_2d,45.29979651862505,0.0011655114961908978
03_nor_2d,47.13540617502552,0.0012127396146698439
03_nor_2d,49.045397243035325,0.0012618814810460446
03_nor_2d,51.0327837590939,0.0013130146429994032
03_nor_2d,53.10070189251587,0.001366219790547781
03_nor_2d,55.25241489448196,0.0014215808833788228
03_nor_2d,57.491318247570014,0.0014791852833414493
03_nor_2d,59.82094502395173,0.0015391238923060761
03_nor_2d,62.24497146071111,0.0016014912956111246
03_nor_2d,64.76722276108232,0.001666385911322178
03_nor_2d,67.39167913076164,0.0017339101455393236
03_nor_2d,70.1224820588191,0.0018041705539977619
03_nor_2d,72.96394085312104,0.001877278010216688
03_nor_2d,75.92053944057729,0.0019533478804618053
03_nor_2d,78.99694344294313,0.002032500205797546
03_nor_2d,82.19800753934295,0.00211485989151631
03_nor_2d,85.5287831271331,0.0022005569042436255
03_nor_2d,88.9945262931934,0.0022897264770302835
03_nor_2d,92.60070610822648,0.0023825093227550875
03_nor_2d,96.35301325715321,0.0024790518561749737
03_nor_2d,100.25736901922366,0.0025795064249729003
03_nor_2d,104.3199346120145,0.002684031550168121
03_nor_2d,108.54712091405779,0.0027927921762682067
03_nor_2d,112.94559858144405,0.0029059599315575677
03_nor_2d,117.52230857436385,0.003023713398933224
03_nor_2d,122.28447311019973,0.0031462383977152227
03_nor_2d,127.23960706045129,0.0032737282768763687
03_nor_2d,128.0,0.00329329230984729
03_nor_2d,132.39552980948037,0.0034063842201540575
03_nor_2d,137.76037759378812,0.0035444155635256354
03_nor_2d,143.34261634129692,0.0036880401255483097
03_nor_2d,149.151055030897,0.0038374845510848674
03_nor_2d,155.1948595933406,0.003992984668957644
03_nor_2d,161.48356737541914,0.004154785864095114
03_nor_2d,168.02710219024866,0.004323143464758364
03_nor_2d,174.83578997741336,0.004498323145458526
03_nor_2d,181.92037509767974,0.0046806013462009615
03_nor_2d,189.29203728799442,0.004870265708717801
03_nor_2d,196.96240930352212,0.005067615530377216
03_nor_2d,204.9435952745628,0.005272962236485727
03_nor_2d,213.24818980731624,0.005486629871728827
03_nor_2d,221.88929785863584,0.00570895561152547
03_nor_2d,230.88055541613411,0.005940290294103325
03_nor_2d,240.23615101627576,0.006180998974134478
03_nor_2d,249.9708481344107,0.006431461498805153
03_nor_2d,260.1000084820843,0.006692073107228619
03_nor_2d,270.6396162483854,0.006963245054147103
03_nor_2d,281.6063033235867,0.007245405258906964
03_nor_2d,293.0173755448821,0.007538998980731216
03_nor_2d,304.8908400056367,0.00784448952135503
03_nor_2d,317.2454334712451,0.008162358956132982
03_nor_2d,330.1006519464394,0.008493108894771765
03_nor_2d,343.47678144070426,0.008837261272888825
03_nor_2d,357.3949299803491,0.00919535917564605
03_nor_2d,371.87706091775345,0.0095679676947582
03_nor_2d,386.9460275903475,0.009955674820228506
03_nor_2d,402.62560938402316,0.010359092368218612
03_nor_2d,418.94054925788225,0.010778856946517057
03_nor_2d,435.91659278954154,0.01121563095912992
03_nor_2d,453.5805288026025,0.011670103651578735
03_nor_2d,471.96023164040594,0.012142992198555426
03_nor_2d,491.0847051527745,0.012635042835650439
03_nor_2d,510.98412846515924,0.013147032036940069
03_nor_2d,531.6899036024136,0.013679767740291214
03_nor_2d,553.2347050423483,0.014234090622317183
03_nor_2d,575.6525312772646,0.014810875424996423
03_nor_2d,598.9787584648299,0.015411032336047669
03_nor_2d,623.2501962529609,0.016035508425239767
03_nor_2d,648.5051458668086,0.01668528913890278
03_nor_2d,674.7834605495042,0.017361399854998627
03_nor_2d,702.12660845205,0.018064907501205436
03_nor_2d,730.5777380715925,0.018796922238568776
03_nor_2d,760.1817463413438,0.019558599213376802
03_nor_2d,790.9853494796014,0.02035114038002377
03_nor_2d,823.0371567096637,0.021175796397738395
03_nor_2d,856.387746966984,0.02203386860417043
03_nor_2d,891.0897487145926,0.02292671106894939
03_nor_2d,927.1979229927587,0.0238557327304565
03_nor_2d,964.7692498339334,0.024822399619181496
03_nor_2d,1003.863018179345,0.025828237171172868
03_nor_2d,1024.0,0.02634633847877832
03_nor_2d,1044.5409194391375,0.02687483263523226
03_nor_2d,1086.867144843695,0.027963837577651734
03_nor_2d,1130.9084867397723,0.029096970488446314
03_nor_2d,1176.7344439912858,0.030276019493194754
03_nor_2d,1224.417331651087,0.03150284517476768
03_nor_2d,1274.0323950767856,0.03277938350939611
03_nor_2d,1325.6579286707047,0.03410764892171343
03_nor_2d,1379.375399431336,0.03548973746359182
03_nor_2d,1435.2695755112748,0.03692783012178957
03_nor_2d,1493.428659984491,0.03842419625962865
03_nor_2d,1553.9444300340463,0.03998119719813402
03_nor_2d,1616.9123817798657,0.04160128994228513
03_nor_2d,1682.4318809751503,0.04328703105826073
03_nor_2d,1750.606319809202,0.04504108070779461
03_nor_2d,1821.5432800641177,0.04686620684600912
03_nor_2d,1895.3547028828127,0.04876528958935049
03_nor_2d,1972.15706541628,0.05074132576051901
03_nor_2d,2052.0715646288345,0.05279743361756591
03_nor_2d,2135.224308551399,0.054936857774619687
03_nor_2d,2221.7465152846344,0.05716297432200704
03_nor_2d,2311.774720065947,0.05947929615384808
03_nor_2d,2405.450990727137,0.061889478511533015
03_nor_2d,2502.923151882682,0.06439732475182794
03_nor_2d,2604.3450182024385,0.06700679234871243
03_nor_2d,2709.8766371368706,0.06972199913841946
03_nor_2d,2819.684541477838,0.07254722981753317
03_nor_2d,2933.9420121534886,0.0754869427043982
03_nor_2d,3052.829351671972,0.07854577677451088
03_nor_2d,3176.53416864544,0.08172855898099361
03_nor_2d,3305.251673843377,0.08504031187170528
03_nor_2d,3439.184988242399,0.08848626151500731
03_nor_2d,3578.5454635586557,0.09207184574669239
03_nor_2d,3723.553015768644,0.09580272275109031
03_nor_2d,3874.4364721447405,0.0996847799898917
03_nor_2d,4031.433932353088,0.10372414349278004
03_nor_2d,4194.793144183659,0.10792718752453265
03_nor_2d,4364.771894505422,0.11230054464384605
03_nor_2d,4541.638416063535,0.11685111616975834
03_nor_2d,4725.6718107605275,0.12158608307218564
03_nor_2d,4917.162490089408,0.1265129173037578
03_nor_2d,5116.412633413722,0.1316393935908354
03_nor_2d,5323.736664817747,0.1369736017023152
03_nor_2d,5539.461749279325,0.14252395921558453
03_nor_2d,5763.9283089482515,0.14829922479976854
03_nor_2d,5997.490560345017,0.15430851203723406
03_nor_2d,6240.517073327556,0.16056130380515904
03_nor_2d,6493.391352708089,0.16706746723986282
03_nor_2d,6756.512443437881,0.1738372693075117
03_nor_2d,7030.295560314915,0.18088139300577075
03_nor_2d,7315.172743208166,0.18821095422196843
03_nor_2d,7611.5935388324815,0.1958375192743776
03_nor_2d,7920.025710149891,0.20377312316429264
03_nor_2d,8240.955974516835,0.21203028856770603
03_nor_2d,8574.890771742133,0.2206220455965536
03_nor_2d,8922.357063267693,0.22956195236071206
03_nor_2d,9283.90316373314,0.2388641163631975
03_nor_2d,9660.09960623656,0.24854321676232574
03_nor_2d,10051.540042656789,0.2586145275359664
03_nor_2d,10458.842180458021,0.2690939415844443
03_nor_2d,10882.648757454983,0.27999799581012236
03_nor_2d,11323.628556076941,0.291343897213245
03_nor_2d,11782.477458731082,0.30314955004521965
03_nor_2d,12259.919545930641,0.3154335840621864
03_nor_2d,12756.708238920695,0.32821538392346167
03_nor_2d,13273.627488604712,0.34151511978124605
03_nor_2d,13811.493012647994,0.3553537791098689
03_nor_2d,14371.15358271039,0.3697531998248005
03_nor_2d,14953.492363839161,0.384736104743685
03_nor_2d,15559.428308136137,0.4003261374437888
03_nor_2d,16189.917604898048,0.4165478995724375
03_nor_2d,16384.0,0.4215414156604531
03_nor_2d,16845.955189518547,0.433426989669324
03_nor_2d,17528.576313533,0.45099004356194994
03_nor_2d,18238.858178283645,0.4692647763979444
03_nor_2d,18977.92163478308,0.48828002638059087
03_nor_2d,19746.93295245857,0.508065800276577
03_nor_2d,20547.105659568242,0.5286533207677798
03_nor_2d,21379.702458193533,0.5500750757218122
03_nor_2d,22246.037216829667,0.5723648694590762
03_nor_2d,23147.477043718678,0.5955578760972298
03_nor_2d,24085.444444196703,0.6196906950572433
03_nor_2d,25061.41956545993,0.6448014088186376
03_nor_2d,26076.94253229153,0.6709296430150423
03_nor_2d,27133.615877435455,0.6981166289649102
03_nor_2d,28233.10707045226,0.7264052687360593
03_nor_2d,29377.151149047688,0.7558402028467206
03_nor_2d,30567.553457026195,0.7864678807099243
03_nor_2d,31806.192493190192,0.8183366339323895
03_nor_2d,33095.02287568049,0.8514967525835837
03_nor_2d,34436.07842643592,0.8860005645553092
03_nor_2d,35831.475380639466,0.9219025181370504
03_nor_2d,37283.41572621553,0.9592592679373837
03_nor_2d,38794.19067864817,0.9981297642870425
03_nor_2d,38866.880907372404,1.0
03_nor_2d,40366.18429660382,1.0
03_nor_2d,42001.87724406379,1.0
03_nor_2d,43703.850704903765,1.0
03_nor_2d,45474.79045609717,1.0
03_nor_2d,47317.491105970505,1.0
03_nor_2d,49234.86050419841,1.0
03_nor_2d,51229.92433049781,1.0
03_nor_2d,53305.83086926258,1.0
03_nor_2d,55465.85597767202,1.0
03_nor_2d,57713.40825511485,1.0
03_nor_2d,60052.03442208482,1.0
03_nor_2d,62485.42491703662,1.0
03_nor_2d,65017.41972003403,1.0
03_nor_2d,67652.01441238033,1.0
03_nor_2d,70393.36648179308,1.0
03_nor_2d,73245.8018830733,1.0
03_nor_2d,76213.82186462192,1.0
03_nor_2d,79302.11007157591,1.0
03_nor_2d,82515.53993677338,1.0
03_nor_2d,85859.18237121045,1.0
03_nor_2d,89338.3137661262,1.0
03_nor_2d,92958.42431934274,1.0
03_nor_2d,96725.22669900025,1.0
03_nor_2d,100644.66505835822,1.0
03_nor_2d,104722.92441588879,1.0
03_nor_2d,108966.44041546434,1.0
03_nor_2d,113381.90948204116,1.0
03_nor_2d,117976.29938886531,1.0
03_nor_2d,122756.86025287618,1.0
03_nor_2d,127731.13597565866,1.0
03_nor_2d,131072.0,1.0
03_nor_2d,132906.9761479985,1.0
03_nor_2d,138292.5484368265,1.0
03_nor_2d,143896.35147409837,1.0
03_nor_2d,149727.22826794998,1.0
03_nor_2d,155794.38015729073,1.0
03_nor_2d,162107.381331856,1.0
03_nor_2d,168676.1939406324,1.0
03_nor_2d,175511.18381249608,1.0
03_nor_2d,182623.13681387514,1.0
03_nor_2d,190023.275869243,1.0
03_nor_2d,197723.278671309,1.0
03_nor_2d,205735.29610884853,1.0
03_nor_2d,214071.97144125408,1.0
03_nor_2d,222746.4602500656,1.0
03_nor_2d,231772.4511989639,1.0
03_nor_2d,241164.1876349875,1.0
03_nor_2d,250936.4900650602,1.0
03_nor_2d,261104.77954329838,1.0
03_nor_2d,271685.10200600384,1.0
03_nor_2d,282694.15359274385,1.0
03_nor_2d,294149.3069934759,1.0
03_nor_2d,306068.6388632942,1.0
03_nor_2d,318470.95834805875,1.0
03_nor_2d,331375.83676592214,1.0
03_nor_2d,344803.6384915926,1.0
03_nor_2d,358775.55309206893,1.0
03_nor_2d,373313.6287645601,1.0
03_nor_2d,388440.80712935433,1.0
03_nor_2d,404180.9594325435,1.0
03_nor_2d,420558.9242157306,1.0
03_nor_2d,437600.5465121661,1.0
03_nor_2d,455332.71863116435,1.0
03_nor_2d,473783.42259516113,1.0
03_nor_2d,492981.7742963785,1.0
03_nor_2d,512958.0694427774,1.0
03_nor_2d,533743.8313658044,1.0
03_nor_2d,555371.860765372,1.0
03_nor_2d,577876.2874705752,1.0
03_nor_2d,601292.6242978215,1.0
03_nor_2d,625657.8230913671,1.0
03_nor_2d,651010.3330346901,1.0
03_nor_2d,677390.1613247276,1.0
03_nor_2d,704838.9363047015,1.0
03_nor_2d,733399.973155187,1.0
03_nor_2d,763118.3422470659,1.0
03_nor_2d,794040.9402642357,1.0
03_nor_2d,826216.5642083095,1.0
03_nor_2d,859695.9884020857,1.0
03_nor_2d,894532.044613305,1.0
03_nor_2d,930779.7054251307,1.0
03_nor_2d,968496.1709849149,1.0
03_nor_2d,1007740.9592681439,1.0
03_nor_2d,1048576.0,1.0
03_nor_2d,1048576.0000000007,1.0
