case_id,profile,K_native,N_native,U_star,U,P_bound_over_rho,P_bound_MB_per_s,classification,scan_case_id,scan_source,hardware_source
06_mram,reference,256,32,132.74074074074073,1,0.007533482142857143,2.380952380952381,resident-bound,N128/K128/U1,tasks/task2_table_II_workloads/table_IIa/data/results.json#/cases/0,06_mram/data/results.json#/scenarios/1
06_mram,reference,256,32,132.74074074074073,128,0.9642857142857143,304.76190476190476,resident-bound,N128/K128/U128,tasks/task2_table_II_workloads/table_IIa/data/results.json#/cases/1,06_mram/data/results.json#/scenarios/1
06_mram,reference,256,32,132.74074074074073,1024,1.0,316.04938271604937,streaming-bound,N128/K128/U1024,tasks/task2_table_II_workloads/table_IIa/data/results.json#/cases/2,06_mram/data/results.json#/scenarios/1
06_mram,reference,256,32,132.74074074074073,16384,1.0,316.04938271604937,streaming-bound,N128/K128/U16384,tasks/task2_table_II_workloads/table_IIa/data/results.json#/cases/3,06_mram/data/results.json#/scenarios/1
06_mram,reference,256,32,132.74074074074073,131072,1.0,316.04938271604937,streaming-bound,N128/K128/U131072,tasks/task2_table_II_workloads/table_IIa/data/results.json#/cases/4,06_mram/data/results.json#/scenarios/1
06_mram,reference,256,32,132.74074074074073,1048576,1.0,316.04938271604937,streaming-bound,N128/K128/U1048576,tasks/task2_table_II_workloads/table_IIa/data/results.json#/cases/5,06_mram/data/results.json#/scenarios/1
04_nand_3d,reference,4608,240,2839.2847701745545,1,0.00035220137497462845,0.0024048601723069794,resident-bound,N128/K128/U1,tasks/task2_table_II_workloads/table_IIa/data/results.json#/cases/0,04_nand_3d/data/results.json#/main_scenarios/1
04_nand_3d,reference,4608,240,2839.2847701745545,128,0.04508177599675244,0.30782210205529337,resident-bound,N128/K128/U128,tasks/task2_table_II_workloads/table_IIa/data/results.json#/cases/1,04_nand_3d/data/results.json#/main_scenarios/1
04_nand_3d,reference,4608,240,2839.2847701745545,1024,0.36065420797401954,2.462576816442347,resident-bound,N128/K128/U1024,tasks/task2_table_II_workloads/table_IIa/data/results.json#/cases/2,04_nand_3d/data/results.json#/main_scenarios/1
04_nand_3d,reference,4608,240,2839.2847701745545,16384,1.0,6.828082861630561,streaming-bound,N128/K128/U16384,tasks/task2_table_II_workloads/table_IIa/data/results.json#/cases/3,04_nand_3d/data/results.json#/main_scenarios/1
04_nand_3d,reference,4608,240,2839.2847701745545,131072,1.0,6.828082861630561,streaming-bound,N128/K128/U131072,tasks/task2_table_II_workloads/table_IIa/data/results.json#/cases/4,04_nand_3d/data/results.json#/main_scenarios/1
04_nand_3d,reference,4608,240,2839.2847701745545,1048576,1.0,6.828082861630561,streaming-bound,N128/K128/U1048576,tasks/task2_table_II_workloads/table_IIa/data/results.json#/cases/5,04_nand_3d/data/results.json#/main_scenarios/1
03_nor_2d,reference,128,128,38866.880907372404,1,2.5728846170681953e-05,0.0006225505311620585,resident-bound,N128/K128/U1,tasks/task2_table_II_workloads/table_IIa/data/results.json#/cases/0,03_nor_2d/data/results.json#/scenarios/1
03_nor_2d,reference,128,128,38866.880907372404,128,0.00329329230984729,0.07968646798874349,resident-bound,N128/K128/U128,tasks/task2_table_II_workloads/table_IIa/data/results.json#/cases/1,03_nor_2d/data/results.json#/scenarios/1
03_nor_2d,reference,128,128,38866.880907372404,1024,0.02634633847877832,0.6374917439099479,resident-bound,N128/K128/U1024,tasks/task2_table_II_workloads/table_IIa/data/results.json#/cases/2,03_nor_2d/data/results.json#/scenarios/1
03_nor_2d,reference,128,128,38866.880907372404,16384,0.4215414156604531,10.199867902559166,resident-bound,N128/K128/U16384,tasks/task2_table_II_workloads/table_IIa/data/results.json#/cases/3,03_nor_2d/data/results.json#/scenarios/1
03_nor_2d,reference,128,128,38866.880907372404,131072,1.0,24.19659735349716,streaming-bound,N128/K128/U131072,tasks/task2_table_II_workloads/table_IIa/data/results.json#/cases/4,03_nor_2d/data/results.json#/scenarios/1
03_nor_2d,reference,128,128,38866.880907372404,1048576,1.0,24.19659735349716,streaming-bound,N128/K128/U1048576,tasks/task2_table_II_workloads/table_IIa/data/results.json#/cases/5,03_nor_2d/data/results.json#/scenarios/1
