case_id,RI_numerator,RI_denominator,display_RI
qwen35_2b/qkv_projection/1024,1,5,0.200
ministral3_8b_2512/qkv_projection/1024,1,6,0.167
qwen36_35b_a3b/qkv_projection/1024,1,9,0.111
hy3_295b/qkv_projection/1024,1,10,0.100
ling_1t/qkv_projection/1024,1,10,0.100
mimo_v25_pro/qkv_projection/1024,2,53,0.0377
qwen35_2b/ffn_or_moe/1024,2,9,0.222
ministral3_8b_2512/ffn_or_moe/1024,3,28,0.107
qwen36_35b_a3b/ffn_or_moe/1024,5,6,0.833
hy3_295b/ffn_or_moe/1024,11,36,0.306
ling_1t/ffn_or_moe/1024,5,24,0.208
mimo_v25_pro/ffn_or_moe/1024,2,9,0.222
qwen35_2b/attention_prefill/1024,1537,256,6.0
qwen35_2b/attention_prefill/65536,66049,256,258.0
ministral3_8b_2512/attention_prefill/1024,1281,128,10.0
ministral3_8b_2512/attention_prefill/65536,65793,128,514.0
qwen36_35b_a3b/attention_prefill/1024,1537,128,12.0
qwen36_35b_a3b/attention_prefill/65536,66049,128,516.0
hy3_295b/attention_prefill/1024,1281,64,20.0
hy3_295b/attention_prefill/65536,65793,64,1028.0
ling_1t/attention_prefill/1024,1281,64,20.0
ling_1t/attention_prefill/65536,65793,64,1028.0
mimo_v25_pro/attention_prefill/1024,1409,40,35.2
mimo_v25_pro/attention_prefill/65536,65921,40,1648.0
qwen35_2b/attention_decode/1024,10,1,10.0
qwen35_2b/attention_decode/65536,514,1,514.0
ministral3_8b_2512/attention_decode/1024,18,1,18.0
ministral3_8b_2512/attention_decode/65536,1026,1,1026.0
qwen36_35b_a3b/attention_decode/1024,20,1,20.0
qwen36_35b_a3b/attention_decode/65536,1028,1,1028.0
hy3_295b/attention_decode/1024,36,1,36.0
hy3_295b/attention_decode/65536,2052,1,2052.0
ling_1t/attention_decode/1024,36,1,36.0
ling_1t/attention_decode/65536,2052,1,2052.0
mimo_v25_pro/attention_decode/1024,304,5,60.8
mimo_v25_pro/attention_decode/65536,16432,5,3286.4
