case_id,kind,N,K,U,complete_weight_loads,boundary,Q_S_Byte,Q_R_Byte,RI_exact,resident_capacity_Byte
N128/K128/U1,finite,128,128,1,1,operator,128,16384,1/128,16384
N128/K128/U128,finite,128,128,128,1,operator,16384,16384,1,16384
N128/K128/U1024,finite,128,128,1024,1,operator,131072,16384,8,16384
N128/K128/U16384,finite,128,128,16384,1,operator,2097152,16384,128,16384
N128/K128/U131072,finite,128,128,131072,1,operator,16777216,16384,1024,16384
N128/K128/U1048576,finite,128,128,1048576,1,operator,134217728,16384,8192,16384
N128/K128/Uinfinity,limit,128,128,infinity,1,operator,infinity,16384,infinity,16384
N1024/K1024/U1,finite,1024,1024,1,1,operator,1024,1048576,1/1024,1048576
N1024/K1024/U128,finite,1024,1024,128,1,operator,131072,1048576,1/8,1048576
N1024/K1024/U1024,finite,1024,1024,1024,1,operator,1048576,1048576,1,1048576
N1024/K1024/U16384,finite,1024,1024,16384,1,operator,16777216,1048576,16,1048576
N1024/K1024/U131072,finite,1024,1024,131072,1,operator,134217728,1048576,128,1048576
N1024/K1024/U1048576,finite,1024,1024,1048576,1,operator,1073741824,1048576,1024,1048576
N1024/K1024/Uinfinity,limit,1024,1024,infinity,1,operator,infinity,1048576,infinity,1048576
N4096/K4096/U1,finite,4096,4096,1,1,operator,4096,16777216,1/4096,16777216
N4096/K4096/U128,finite,4096,4096,128,1,operator,524288,16777216,1/32,16777216
N4096/K4096/U1024,finite,4096,4096,1024,1,operator,4194304,16777216,1/4,16777216
N4096/K4096/U16384,finite,4096,4096,16384,1,operator,67108864,16777216,4,16777216
N4096/K4096/U131072,finite,4096,4096,131072,1,operator,536870912,16777216,32,16777216
N4096/K4096/U1048576,finite,4096,4096,1048576,1,operator,4294967296,16777216,256,16777216
N4096/K4096/Uinfinity,limit,4096,4096,infinity,1,operator,infinity,16777216,infinity,16777216
N1024/K4096/U1,finite,1024,4096,1,1,operator,4096,4194304,1/1024,4194304
N1024/K4096/U128,finite,1024,4096,128,1,operator,524288,4194304,1/8,4194304
N1024/K4096/U1024,finite,1024,4096,1024,1,operator,4194304,4194304,1,4194304
N1024/K4096/U16384,finite,1024,4096,16384,1,operator,67108864,4194304,16,4194304
N1024/K4096/U131072,finite,1024,4096,131072,1,operator,536870912,4194304,128,4194304
N1024/K4096/U1048576,finite,1024,4096,1048576,1,operator,4294967296,4194304,1024,4194304
N1024/K4096/Uinfinity,limit,1024,4096,infinity,1,operator,infinity,4194304,infinity,4194304
N4096/K1024/U1,finite,4096,1024,1,1,operator,1024,4194304,1/4096,4194304
N4096/K1024/U128,finite,4096,1024,128,1,operator,131072,4194304,1/32,4194304
N4096/K1024/U1024,finite,4096,1024,1024,1,operator,1048576,4194304,1/4,4194304
N4096/K1024/U16384,finite,4096,1024,16384,1,operator,16777216,4194304,4,4194304
N4096/K1024/U131072,finite,4096,1024,131072,1,operator,134217728,4194304,32,4194304
N4096/K1024/U1048576,finite,4096,1024,1048576,1,operator,1073741824,4194304,256,4194304
N4096/K1024/Uinfinity,limit,4096,1024,infinity,1,operator,infinity,4194304,infinity,4194304
