case_id,K,N,timing_min_period_ns,actual_period_ns,delta_S_ns,T_R_ns,availability,rho_Byte_per_s,tau_Byte_per_s,RI_star,U_star,v3_delta_S_ns,v3_T_R_ns,V1_delta_S_ns,V1_T_R_ns
01_sram_acim,128,128,3.2788670599417897,5.0,2890.0,5120.0,1.0,44290657.43944637,3200000000.0,0.01384083044982699,1.7716262975778547,3210.0,5120.0,2890.0,5120.0
02_sram_dcim,128,16,2.6160692818051587,5.0,330.0,640.0,1.0,387878787.8787879,3200000000.0,0.12121212121212122,1.9393939393939394,330.0,640.0,330.0,640.0
03_nor_2d,128,128,8.380406816741893,8.5,6273.0,205609968.0,1.0,20404909.931452256,79684.85263321474,256.0701219512195,32776.9756097561,5290.0,205605800.0,7060.0,205612280.0
04_nand_3d,4608,240,8.858794040111784,9.0,685710.0,1923285366.0,1.0,6720042.000262502,575016.073823753,11.686702870017939,2804.808688804305,674860.0,1916119720.0,685710.0,1923285366.0
05_rram,128,64,3.2164836619843276,5.0,4490.0,1911765.0,1.0,28507795.100222718,4285045.4946083855,6.652857043429845,425.78285077951,5130.0,1911760.0000000005,4490.0,1911765.0
06_mram,256,32,8.53994110234947,9.0,1458.0,129024.0,1.0,175582990.3978052,63492063.49206349,2.765432098765432,88.49382716049382,810.0,107520.0,1782.0,168960.0
07_pcm,256,128,4.703620186444548,5.0,92170.0,4684800.0,1.0,2777476.4023000975,6994535.519125683,0.39709232939134204,50.82781816209179,102410.0,4766720.0,116755.0,4854272.0
08_feram_hfo2,128,128,8.380406816741893,8.5,5729.0,165376.0,1.0,22342468.14452784,99071207.43034056,0.2255192878338279,28.86646884272997,4810.0,153600.0,6100.0,174080.0
09_gain_cell_edram,64,64,5.250207367512116,5.5,3707.0,21120.0,0.8342706285148569,14403377.454801952,161797940.0756086,0.08902077151335312,5.6973293768546,3914.0,20480.0,4246.0,25344.0
10_fenor_3d,128,128,8.380406816741893,8.5,3553.0,304640.0,1.0,36025893.61103293,53781512.60504202,0.6698564593301436,85.74162679425838,2730.0,271360.0,4500.0,337920.0
