case_id,scenario,paired_id,status,backend,backend_sha,technode_nm,temperature_K,roadmap,K,N,input_bits,weight_bits,physical_rows,physical_cols,B_S_Byte,B_R_Byte,single_latency_ns,delta_S_ns,T_R_ns,rho_MB_per_s,tau_MB_per_s,RI_star,U_star,banks,physical_bank_rows,adc_count,output_bits,fractional_output_bits
ns_sram_acim,optimistic,ns_sram_acim__optimistic,conditional_sram_analog_transfer,2DTrainingV2.1,f80a4345f70dcb1ddfd003d3ddcfbd067b55a79a,22,300,LSTP,256,31,8,8,256.0,256.0,256,7936,1831.0156524956742,1831.0156524956742,2008.2888562822413,139.81311391362055,3951.622783333659,0.03538118934410833,1.0968168696673584,1,256.0,32.0,25,0
ns_sram_acim,reference,ns_sram_acim__reference,conditional_sram_analog_transfer,2DTrainingV2.1,f80a4345f70dcb1ddfd003d3ddcfbd067b55a79a,22,350,LSTP,256,31,8,8,256.0,256.0,256,7936,1989.6018821206737,1989.6018821206737,2602.6923034666993,128.66895749371483,3049.150293113601,0.0421982995670332,1.3081472865780293,1,256.0,32.0,25,0
ns_sram_acim,pessimistic,ns_sram_acim__pessimistic,conditional_sram_analog_transfer,2DTrainingV2.1,f80a4345f70dcb1ddfd003d3ddcfbd067b55a79a,22,400,LSTP,256,31,8,8,256.0,256.0,256,7936,2175.411317286626,2175.411317286626,3318.232060029048,117.67889500515555,2391.6350202253566,0.049204370236252445,1.5253354773238257,1,256.0,32.0,25,0
ns_rram_1t1r,optimistic,ns_rram_1t1r__optimistic,conditional_rram_segmented_approx_Q4,2DTrainingV2.1,f80a4345f70dcb1ddfd003d3ddcfbd067b55a79a,22,300,LSTP,256,31,8,8,256.0,288.0,256,7936,39776.8474013143,39776.8474013143,434378.77760110784,6.435904721587897,18.26976917202817,0.35227071896680306,10.920392287970895,16.0,16.0,512.0,29.0,4.0
ns_rram_1t1r,reference,ns_rram_1t1r__reference,conditional_rram_segmented_approx_Q4,2DTrainingV2.1,f80a4345f70dcb1ddfd003d3ddcfbd067b55a79a,22,350,LSTP,256,31,8,8,256.0,288.0,256,7936,51945.04320870549,51945.04320870549,543972.8130816448,4.928285437581403,14.588964391514335,0.33780913472158025,10.472083176368988,16.0,16.0,512.0,29.0,4.0
ns_rram_1t1r,pessimistic,ns_rram_1t1r__pessimistic,conditional_rram_segmented_approx_Q4,2DTrainingV2.1,f80a4345f70dcb1ddfd003d3ddcfbd067b55a79a,22,400,LSTP,256,31,8,8,256.0,288.0,256,7936,66350.36504186633,66350.36504186633,674954.0699312456,3.85830582602623,11.75783709372758,0.32814758320512105,10.172575079358753,16.0,16.0,512.0,29.0,4.0
ns_sram_dcim,optimistic,ns_sram_dcim__optimistic,conditional_digital_native_timing,2DInferenceDCIMV1.0-dev,38eedf926fc1a712df3627f36bb82b097ba6b9cb,22,300,LSTP,256,31,8,8,256.0,256.0,256,7936,147.87978906284204,147.87978906284204,2912.0943076990434,1731.135820671288,2725.1864676973787,0.6352357320099257,19.692307692307693,1,256.0,0,25,0
ns_sram_dcim,reference,ns_sram_dcim__reference,conditional_digital_native_timing,2DInferenceDCIMV1.0-dev,38eedf926fc1a712df3627f36bb82b097ba6b9cb,22,350,LSTP,256,31,8,8,256.0,256.0,256,7936,189.95963428524954,189.95963428524954,3740.7435674633753,1347.6547318236153,2121.503347362957,0.6352357320099256,19.69230769230769,1,256.0,0,25,0
ns_sram_dcim,pessimistic,ns_sram_dcim__pessimistic,conditional_digital_native_timing,2DInferenceDCIMV1.0-dev,38eedf926fc1a712df3627f36bb82b097ba6b9cb,22,400,LSTP,256,31,8,8,256.0,256.0,256,7936,240.23042978545794,240.23042978545794,4730.691540390557,1065.6435166378603,1677.5560047072568,0.6352357320099256,19.692307692307693,1,256.0,0,25,0
