case_id,label,profile,K,N,U_star,RI_star,rho_MB_per_s,tau_MB_per_s,delta_S_ns,T_R_ns,source_result,central_source,at_U_1,at_U_128,at_U_1024,at_U_131072
01_sram_acim,SRAM ACIM,short,128,128,1.462857142857143,0.011428571428571429,83.11688311688312,7272.727272727272,1540,2252.8,01_sram_acim/data/results.json#/scenarios/0,tasks/task1_table_I_NVM/analysis/data/ten_case_results.json,resident-bound,streaming-bound,streaming-bound,streaming-bound
01_sram_acim,SRAM ACIM,reference,128,128,1.5950155763239875,0.012461059190031152,39.875389408099686,3200.0,3210,5120.0,01_sram_acim/data/results.json#/scenarios/1,tasks/task1_table_I_NVM/analysis/data/ten_case_results.json,resident-bound,streaming-bound,streaming-bound,streaming-bound
01_sram_acim,SRAM ACIM,long,128,128,1.3298701298701299,0.010389610389610388,16.623376623376622,1600.0,7700,10240.0,01_sram_acim/data/results.json#/scenarios/2,tasks/task1_table_I_NVM/analysis/data/ten_case_results.json,resident-bound,streaming-bound,streaming-bound,streaming-bound
02_sram_dcim,SRAM DCIM,short,128,16,1.0085959885386822,0.06303724928366762,458.45272206303724,7272.727272727272,279.2,281.6,02_sram_dcim/data/results.json#/scenarios/0,tasks/task1_table_I_NVM/analysis/data/ten_case_results.json,resident-bound,streaming-bound,streaming-bound,streaming-bound
02_sram_dcim,SRAM DCIM,reference,128,16,1.9393939393939394,0.12121212121212122,387.8787878787879,3200.0,330.0,640.0,02_sram_dcim/data/results.json#/scenarios/1,tasks/task1_table_I_NVM/analysis/data/ten_case_results.json,resident-bound,streaming-bound,streaming-bound,streaming-bound
02_sram_dcim,SRAM DCIM,long,128,16,1.9393939393939394,0.12121212121212122,193.93939393939394,1600.0,660.0,1280.0,02_sram_dcim/data/results.json#/scenarios/2,tasks/task1_table_I_NVM/analysis/data/ten_case_results.json,resident-bound,streaming-bound,streaming-bound,streaming-bound
09_gain_cell_edram,Gain-cell eDRAM,short,64,64,10.691764705882353,0.1670588235294118,33.182964705882355,198.63042253521127,1928.7004813242231,20621.211734440636,09_gain_cell_edram/data/results.json#/scenarios/0,tasks/task1_table_I_NVM/analysis/data/ten_case_results.json,resident-bound,streaming-bound,streaming-bound,streaming-bound
09_gain_cell_edram,Gain-cell eDRAM,reference,64,64,5.232498722534491,0.08175779253960143,13.625671946857434,166.659,4697.016062738886,24577.130548005207,09_gain_cell_edram/data/results.json#/scenarios/1,tasks/task1_table_I_NVM/analysis/data/ten_case_results.json,resident-bound,streaming-bound,streaming-bound,streaming-bound
09_gain_cell_edram,Gain-cell eDRAM,long,64,64,3.8598506605399194,0.060310166570936234,6.979506031016657,115.72685714285716,9169.703373789844,35393.68562427786,09_gain_cell_edram/data/results.json#/scenarios/2,tasks/task1_table_I_NVM/analysis/data/ten_case_results.json,resident-bound,streaming-bound,streaming-bound,streaming-bound
08_feram_hfo2,HfO2 FeRAM,short,128,128,28.627956989247313,0.22365591397849463,68.81720430107526,307.6923076923077,1860,53248.0,08_feram_hfo2/data/results.json#/paired/0,tasks/task1_table_I_NVM/analysis/data/ten_case_results.json,resident-bound,streaming-bound,streaming-bound,streaming-bound
08_feram_hfo2,HfO2 FeRAM,reference,128,128,31.933471933471935,0.24948024948024947,26.611226611226606,106.66666666666666,4810,153600.0,08_feram_hfo2/data/results.json#/paired/1,tasks/task1_table_I_NVM/analysis/data/ten_case_results.json,resident-bound,streaming-bound,streaming-bound,streaming-bound
08_feram_hfo2,HfO2 FeRAM,long,128,128,30.90543259557344,0.24144869215291748,12.877263581488931,53.33333333333333,9940,307200.0,08_feram_hfo2/data/results.json#/paired/2,tasks/task1_table_I_NVM/analysis/data/ten_case_results.json,resident-bound,streaming-bound,streaming-bound,streaming-bound
07_pcm,PCM,short,256,128,83.61819513385954,0.6532671494832777,5.207909512572218,7.972097658196313,49156,4110336.0,07_pcm/data/results.json#/paired_scenarios/0,tasks/task1_table_I_NVM/analysis/data/ten_case_results.json,resident-bound,streaming-bound,streaming-bound,streaming-bound
07_pcm,PCM,reference,256,128,46.54545454545455,0.36363636363636365,2.4997558832145295,6.874328678839956,102410,4766720.0,07_pcm/data/results.json#/paired_scenarios/1,tasks/task1_table_I_NVM/analysis/data/ten_case_results.json,resident-bound,streaming-bound,streaming-bound,streaming-bound
07_pcm,PCM,long,256,128,26.956139637073807,0.21059484091463912,1.0415819025144437,4.945904173106645,245780,6625280.0,07_pcm/data/results.json#/paired_scenarios/2,tasks/task1_table_I_NVM/analysis/data/ten_case_results.json,resident-bound,streaming-bound,streaming-bound,streaming-bound
10_fenor_3d,3D FeFET,short,128,128,165.35081967213114,1.2918032786885243,104.91803278688523,81.21827411167513,1220,201728.0,10_fenor_3d/data/results.json#/main_scenarios/0,tasks/task1_table_I_NVM/analysis/data/ten_case_results.json,resident-bound,resident-bound,streaming-bound,streaming-bound
10_fenor_3d,3D FeFET,reference,128,128,99.3992673992674,0.7765567765567766,46.88644688644688,60.37735849056604,2730,271360.0,10_fenor_3d/data/results.json#/main_scenarios/1,tasks/task1_table_I_NVM/analysis/data/ten_case_results.json,resident-bound,streaming-bound,streaming-bound,streaming-bound
10_fenor_3d,3D FeFET,long,128,128,73.14285714285714,0.5714285714285714,23.44322344322344,41.02564102564102,5460,399360.0,10_fenor_3d/data/results.json#/main_scenarios/2,tasks/task1_table_I_NVM/analysis/data/ten_case_results.json,resident-bound,streaming-bound,streaming-bound,streaming-bound
06_mram,MRAM,short,256,32,180.7058823529412,5.647058823529412,752.9411764705882,133.33333333333331,340,61440.0,06_mram/data/results.json#/scenarios/0,tasks/task1_table_I_NVM/analysis/data/ten_case_results.json,resident-bound,resident-bound,streaming-bound,streaming-bound
06_mram,MRAM,reference,256,32,132.74074074074073,4.148148148148148,316.04938271604937,76.19047619047619,810,107520.0,06_mram/data/results.json#/scenarios/1,tasks/task1_table_I_NVM/analysis/data/ten_case_results.json,resident-bound,resident-bound,streaming-bound,streaming-bound
06_mram,MRAM,long,256,32,94.81481481481481,2.9629629629629632,158.02469135802468,53.33333333333333,1620,153600.0,06_mram/data/results.json#/scenarios/2,tasks/task1_table_I_NVM/analysis/data/ten_case_results.json,resident-bound,streaming-bound,streaming-bound,streaming-bound
05_rram,RRAM,short,128,64,427.9167904903417,6.68619985141159,47.548291233283805,7.1114074197536,2692,1151952.0,05_rram/data/results.json#/scenarios/0,tasks/task1_table_I_NVM/analysis/data/ten_case_results.json,resident-bound,resident-bound,streaming-bound,streaming-bound
05_rram,RRAM,reference,128,64,372.6627680311891,5.82285575048733,24.951267056530217,4.285056701678035,5130,1911760.0,05_rram/data/results.json#/scenarios/1,tasks/task1_table_I_NVM/analysis/data/ten_case_results.json,resident-bound,resident-bound,streaming-bound,streaming-bound
05_rram,RRAM,long,128,64,447.83119266055047,6.997362385321101,11.743119266055047,1.678220823704869,10900,4881360.0,05_rram/data/results.json#/scenarios/2,tasks/task1_table_I_NVM/analysis/data/ten_case_results.json,resident-bound,resident-bound,streaming-bound,streaming-bound
04_nand_3d,3D NAND,short,4608,240,3491.4606135910976,14.547752556629574,8.419975514828147,0.5787818758981483,547270,1910771650.0,04_nand_3d/data/results.json#/main_scenarios/0,tasks/task1_table_I_NVM/analysis/data/ten_case_results.json,resident-bound,resident-bound,resident-bound,streaming-bound
04_nand_3d,3D NAND,reference,4608,240,2839.2847701745545,11.830353209060647,6.828082861630561,0.5771664413536749,674860,1916119720.0,04_nand_3d/data/results.json#/main_scenarios/1,tasks/task1_table_I_NVM/analysis/data/ten_case_results.json,resident-bound,resident-bound,resident-bound,streaming-bound
04_nand_3d,3D NAND,long,4608,240,4733.323432661373,19.72218096942239,5.552409297393694,0.28153120113856805,829910,3928232450.0,04_nand_3d/data/results.json#/main_scenarios/2,tasks/task1_table_I_NVM/analysis/data/ten_case_results.json,resident-bound,resident-bound,resident-bound,streaming-bound
03_nor_2d,2D NOR,short,128,128,54392.148148148146,424.9386574074074,33.86243386243386,0.07968781675226233,3780,205602320.0,03_nor_2d/data/results.json#/scenarios/0,tasks/task1_table_I_NVM/analysis/data/ten_case_results.json,resident-bound,resident-bound,resident-bound,streaming-bound
03_nor_2d,2D NOR,reference,128,128,38866.880907372404,303.64750708884685,24.19659735349716,0.0796864679887435,5290,205605800.0,03_nor_2d/data/results.json#/scenarios/1,tasks/task1_table_I_NVM/analysis/data/ten_case_results.json,resident-bound,resident-bound,resident-bound,streaming-bound
03_nor_2d,2D NOR,long,128,128,253826.0056657224,1983.0156692634562,18.130311614730875,0.009142797959566778,7060,1792011600.0,03_nor_2d/data/results.json#/scenarios/2,tasks/task1_table_I_NVM/analysis/data/ten_case_results.json,resident-bound,resident-bound,resident-bound,resident-bound
