case_id,model_id,model_revision,selected_layer,workload,kind,U,L,component,N,K,state_copies,Q_S_Byte,Q_R_Byte,RI_exact,resident_initial_Byte,resident_final_Byte,shared_input_removed_Byte
qwen35_2b/qkv_projection/1,qwen35_2b,15852e8c16360a2fea060d615a32b45270f8a8fc,3,qkv_projection,finite,1,,total,,,,2048,10485760,1/5120,0,10485760,6144
qwen35_2b/qkv_projection/1,qwen35_2b,15852e8c16360a2fea060d615a32b45270f8a8fc,3,qkv_projection,finite,1,,Q,2048,2048,1,2048,4194304,1/2048,0,4194304,
qwen35_2b/qkv_projection/1,qwen35_2b,15852e8c16360a2fea060d615a32b45270f8a8fc,3,qkv_projection,finite,1,,G,2048,2048,1,2048,4194304,1/2048,0,4194304,
qwen35_2b/qkv_projection/1,qwen35_2b,15852e8c16360a2fea060d615a32b45270f8a8fc,3,qkv_projection,finite,1,,K,512,2048,1,2048,1048576,1/512,0,1048576,
qwen35_2b/qkv_projection/1,qwen35_2b,15852e8c16360a2fea060d615a32b45270f8a8fc,3,qkv_projection,finite,1,,V,512,2048,1,2048,1048576,1/512,0,1048576,
qwen35_2b/qkv_projection/1024,qwen35_2b,15852e8c16360a2fea060d615a32b45270f8a8fc,3,qkv_projection,finite,1024,,total,,,,2097152,10485760,1/5,0,10485760,6291456
qwen35_2b/qkv_projection/1024,qwen35_2b,15852e8c16360a2fea060d615a32b45270f8a8fc,3,qkv_projection,finite,1024,,Q,2048,2048,1,2097152,4194304,1/2,0,4194304,
qwen35_2b/qkv_projection/1024,qwen35_2b,15852e8c16360a2fea060d615a32b45270f8a8fc,3,qkv_projection,finite,1024,,G,2048,2048,1,2097152,4194304,1/2,0,4194304,
qwen35_2b/qkv_projection/1024,qwen35_2b,15852e8c16360a2fea060d615a32b45270f8a8fc,3,qkv_projection,finite,1024,,K,512,2048,1,2097152,1048576,2,0,1048576,
qwen35_2b/qkv_projection/1024,qwen35_2b,15852e8c16360a2fea060d615a32b45270f8a8fc,3,qkv_projection,finite,1024,,V,512,2048,1,2097152,1048576,2,0,1048576,
qwen35_2b/qkv_projection/131072,qwen35_2b,15852e8c16360a2fea060d615a32b45270f8a8fc,3,qkv_projection,finite,131072,,total,,,,268435456,10485760,128/5,0,10485760,805306368
qwen35_2b/qkv_projection/131072,qwen35_2b,15852e8c16360a2fea060d615a32b45270f8a8fc,3,qkv_projection,finite,131072,,Q,2048,2048,1,268435456,4194304,64,0,4194304,
qwen35_2b/qkv_projection/131072,qwen35_2b,15852e8c16360a2fea060d615a32b45270f8a8fc,3,qkv_projection,finite,131072,,G,2048,2048,1,268435456,4194304,64,0,4194304,
qwen35_2b/qkv_projection/131072,qwen35_2b,15852e8c16360a2fea060d615a32b45270f8a8fc,3,qkv_projection,finite,131072,,K,512,2048,1,268435456,1048576,256,0,1048576,
qwen35_2b/qkv_projection/131072,qwen35_2b,15852e8c16360a2fea060d615a32b45270f8a8fc,3,qkv_projection,finite,131072,,V,512,2048,1,268435456,1048576,256,0,1048576,
qwen35_2b/qkv_projection/1048576,qwen35_2b,15852e8c16360a2fea060d615a32b45270f8a8fc,3,qkv_projection,finite,1048576,,total,,,,2147483648,10485760,1024/5,0,10485760,6442450944
qwen35_2b/qkv_projection/1048576,qwen35_2b,15852e8c16360a2fea060d615a32b45270f8a8fc,3,qkv_projection,finite,1048576,,Q,2048,2048,1,2147483648,4194304,512,0,4194304,
qwen35_2b/qkv_projection/1048576,qwen35_2b,15852e8c16360a2fea060d615a32b45270f8a8fc,3,qkv_projection,finite,1048576,,G,2048,2048,1,2147483648,4194304,512,0,4194304,
qwen35_2b/qkv_projection/1048576,qwen35_2b,15852e8c16360a2fea060d615a32b45270f8a8fc,3,qkv_projection,finite,1048576,,K,512,2048,1,2147483648,1048576,2048,0,1048576,
qwen35_2b/qkv_projection/1048576,qwen35_2b,15852e8c16360a2fea060d615a32b45270f8a8fc,3,qkv_projection,finite,1048576,,V,512,2048,1,2147483648,1048576,2048,0,1048576,
qwen35_2b/qkv_projection/infinity,qwen35_2b,15852e8c16360a2fea060d615a32b45270f8a8fc,3,qkv_projection,limit,infinity,,total,,,,infinity,10485760,infinity,0,10485760,infinity
qwen35_2b/qkv_projection/infinity,qwen35_2b,15852e8c16360a2fea060d615a32b45270f8a8fc,3,qkv_projection,limit,infinity,,Q,2048,2048,1,infinity,4194304,infinity,0,4194304,
qwen35_2b/qkv_projection/infinity,qwen35_2b,15852e8c16360a2fea060d615a32b45270f8a8fc,3,qkv_projection,limit,infinity,,G,2048,2048,1,infinity,4194304,infinity,0,4194304,
qwen35_2b/qkv_projection/infinity,qwen35_2b,15852e8c16360a2fea060d615a32b45270f8a8fc,3,qkv_projection,limit,infinity,,K,512,2048,1,infinity,1048576,infinity,0,1048576,
qwen35_2b/qkv_projection/infinity,qwen35_2b,15852e8c16360a2fea060d615a32b45270f8a8fc,3,qkv_projection,limit,infinity,,V,512,2048,1,infinity,1048576,infinity,0,1048576,
qwen35_2b/ffn_or_moe/1,qwen35_2b,15852e8c16360a2fea060d615a32b45270f8a8fc,3,ffn_or_moe,finite,1,,total,,,,8192,37748736,1/4608,0,37748736,2048
qwen35_2b/ffn_or_moe/1,qwen35_2b,15852e8c16360a2fea060d615a32b45270f8a8fc,3,ffn_or_moe,finite,1,,gate,6144,2048,1,2048,12582912,1/6144,0,12582912,
qwen35_2b/ffn_or_moe/1,qwen35_2b,15852e8c16360a2fea060d615a32b45270f8a8fc,3,ffn_or_moe,finite,1,,up,6144,2048,1,2048,12582912,1/6144,0,12582912,
qwen35_2b/ffn_or_moe/1,qwen35_2b,15852e8c16360a2fea060d615a32b45270f8a8fc,3,ffn_or_moe,finite,1,,down,2048,6144,1,6144,12582912,1/2048,0,12582912,
qwen35_2b/ffn_or_moe/16,qwen35_2b,15852e8c16360a2fea060d615a32b45270f8a8fc,3,ffn_or_moe,finite,16,,total,,,,131072,37748736,1/288,0,37748736,32768
qwen35_2b/ffn_or_moe/16,qwen35_2b,15852e8c16360a2fea060d615a32b45270f8a8fc,3,ffn_or_moe,finite,16,,gate,6144,2048,1,32768,12582912,1/384,0,12582912,
qwen35_2b/ffn_or_moe/16,qwen35_2b,15852e8c16360a2fea060d615a32b45270f8a8fc,3,ffn_or_moe,finite,16,,up,6144,2048,1,32768,12582912,1/384,0,12582912,
qwen35_2b/ffn_or_moe/16,qwen35_2b,15852e8c16360a2fea060d615a32b45270f8a8fc,3,ffn_or_moe,finite,16,,down,2048,6144,1,98304,12582912,1/128,0,12582912,
qwen35_2b/ffn_or_moe/128,qwen35_2b,15852e8c16360a2fea060d615a32b45270f8a8fc,3,ffn_or_moe,finite,128,,total,,,,1048576,37748736,1/36,0,37748736,262144
qwen35_2b/ffn_or_moe/128,qwen35_2b,15852e8c16360a2fea060d615a32b45270f8a8fc,3,ffn_or_moe,finite,128,,gate,6144,2048,1,262144,12582912,1/48,0,12582912,
qwen35_2b/ffn_or_moe/128,qwen35_2b,15852e8c16360a2fea060d615a32b45270f8a8fc,3,ffn_or_moe,finite,128,,up,6144,2048,1,262144,12582912,1/48,0,12582912,
qwen35_2b/ffn_or_moe/128,qwen35_2b,15852e8c16360a2fea060d615a32b45270f8a8fc,3,ffn_or_moe,finite,128,,down,2048,6144,1,786432,12582912,1/16,0,12582912,
qwen35_2b/ffn_or_moe/1024,qwen35_2b,15852e8c16360a2fea060d615a32b45270f8a8fc,3,ffn_or_moe,finite,1024,,total,,,,8388608,37748736,2/9,0,37748736,2097152
qwen35_2b/ffn_or_moe/1024,qwen35_2b,15852e8c16360a2fea060d615a32b45270f8a8fc,3,ffn_or_moe,finite,1024,,gate,6144,2048,1,2097152,12582912,1/6,0,12582912,
qwen35_2b/ffn_or_moe/1024,qwen35_2b,15852e8c16360a2fea060d615a32b45270f8a8fc,3,ffn_or_moe,finite,1024,,up,6144,2048,1,2097152,12582912,1/6,0,12582912,
qwen35_2b/ffn_or_moe/1024,qwen35_2b,15852e8c16360a2fea060d615a32b45270f8a8fc,3,ffn_or_moe,finite,1024,,down,2048,6144,1,6291456,12582912,1/2,0,12582912,
qwen35_2b/ffn_or_moe/16384,qwen35_2b,15852e8c16360a2fea060d615a32b45270f8a8fc,3,ffn_or_moe,finite,16384,,total,,,,134217728,37748736,32/9,0,37748736,33554432
qwen35_2b/ffn_or_moe/16384,qwen35_2b,15852e8c16360a2fea060d615a32b45270f8a8fc,3,ffn_or_moe,finite,16384,,gate,6144,2048,1,33554432,12582912,8/3,0,12582912,
qwen35_2b/ffn_or_moe/16384,qwen35_2b,15852e8c16360a2fea060d615a32b45270f8a8fc,3,ffn_or_moe,finite,16384,,up,6144,2048,1,33554432,12582912,8/3,0,12582912,
qwen35_2b/ffn_or_moe/16384,qwen35_2b,15852e8c16360a2fea060d615a32b45270f8a8fc,3,ffn_or_moe,finite,16384,,down,2048,6144,1,100663296,12582912,8,0,12582912,
qwen35_2b/attention_prefill/1024,qwen35_2b,15852e8c16360a2fea060d615a32b45270f8a8fc,3,attention_prefill,finite,,1024,total,,,,6295552,1048576,1537/256,0,1048576,0
qwen35_2b/attention_prefill/1024,qwen35_2b,15852e8c16360a2fea060d615a32b45270f8a8fc,3,attention_prefill,finite,,1024,QK,1024,256,2,2097152,524288,4,0,524288,
qwen35_2b/attention_prefill/1024,qwen35_2b,15852e8c16360a2fea060d615a32b45270f8a8fc,3,attention_prefill,finite,,1024,AV,256,1024,2,4198400,524288,1025/128,0,524288,
qwen35_2b/attention_prefill/8192,qwen35_2b,15852e8c16360a2fea060d615a32b45270f8a8fc,3,attention_prefill,finite,,8192,total,,,,285245440,8388608,8705/256,0,8388608,0
qwen35_2b/attention_prefill/8192,qwen35_2b,15852e8c16360a2fea060d615a32b45270f8a8fc,3,attention_prefill,finite,,8192,QK,8192,256,2,16777216,4194304,4,0,4194304,
qwen35_2b/attention_prefill/8192,qwen35_2b,15852e8c16360a2fea060d615a32b45270f8a8fc,3,attention_prefill,finite,,8192,AV,256,8192,2,268468224,4194304,8193/128,0,4194304,
qwen35_2b/attention_prefill/65536,qwen35_2b,15852e8c16360a2fea060d615a32b45270f8a8fc,3,attention_prefill,finite,,65536,total,,,,17314349056,67108864,66049/256,0,67108864,0
qwen35_2b/attention_prefill/65536,qwen35_2b,15852e8c16360a2fea060d615a32b45270f8a8fc,3,attention_prefill,finite,,65536,QK,65536,256,2,134217728,33554432,4,0,33554432,
qwen35_2b/attention_prefill/65536,qwen35_2b,15852e8c16360a2fea060d615a32b45270f8a8fc,3,attention_prefill,finite,,65536,AV,256,65536,2,17180131328,33554432,65537/128,0,33554432,
qwen35_2b/attention_decode/1024,qwen35_2b,15852e8c16360a2fea060d615a32b45270f8a8fc,3,attention_decode,finite,,1024,total,,,,10240,1024,10,1047552,1048576,0
qwen35_2b/attention_decode/1024,qwen35_2b,15852e8c16360a2fea060d615a32b45270f8a8fc,3,attention_decode,finite,,1024,QK,1024,256,2,2048,512,4,523776,524288,
qwen35_2b/attention_decode/1024,qwen35_2b,15852e8c16360a2fea060d615a32b45270f8a8fc,3,attention_decode,finite,,1024,AV,256,1024,2,8192,512,16,523776,524288,
qwen35_2b/attention_decode/8192,qwen35_2b,15852e8c16360a2fea060d615a32b45270f8a8fc,3,attention_decode,finite,,8192,total,,,,67584,1024,66,8387584,8388608,0
qwen35_2b/attention_decode/8192,qwen35_2b,15852e8c16360a2fea060d615a32b45270f8a8fc,3,attention_decode,finite,,8192,QK,8192,256,2,2048,512,4,4193792,4194304,
qwen35_2b/attention_decode/8192,qwen35_2b,15852e8c16360a2fea060d615a32b45270f8a8fc,3,attention_decode,finite,,8192,AV,256,8192,2,65536,512,128,4193792,4194304,
qwen35_2b/attention_decode/65536,qwen35_2b,15852e8c16360a2fea060d615a32b45270f8a8fc,3,attention_decode,finite,,65536,total,,,,526336,1024,514,67107840,67108864,0
qwen35_2b/attention_decode/65536,qwen35_2b,15852e8c16360a2fea060d615a32b45270f8a8fc,3,attention_decode,finite,,65536,QK,65536,256,2,2048,512,4,33553920,33554432,
qwen35_2b/attention_decode/65536,qwen35_2b,15852e8c16360a2fea060d615a32b45270f8a8fc,3,attention_decode,finite,,65536,AV,256,65536,2,524288,512,1024,33553920,33554432,
ministral3_8b_2512/qkv_projection/1,ministral3_8b_2512,d4883f9b36aa2e5d775730d3fdba3d30de51a8ef,0,qkv_projection,finite,1,,total,,,,4096,25165824,1/6144,0,25165824,8192
ministral3_8b_2512/qkv_projection/1,ministral3_8b_2512,d4883f9b36aa2e5d775730d3fdba3d30de51a8ef,0,qkv_projection,finite,1,,Q,4096,4096,1,4096,16777216,1/4096,0,16777216,
ministral3_8b_2512/qkv_projection/1,ministral3_8b_2512,d4883f9b36aa2e5d775730d3fdba3d30de51a8ef,0,qkv_projection,finite,1,,K,1024,4096,1,4096,4194304,1/1024,0,4194304,
ministral3_8b_2512/qkv_projection/1,ministral3_8b_2512,d4883f9b36aa2e5d775730d3fdba3d30de51a8ef,0,qkv_projection,finite,1,,V,1024,4096,1,4096,4194304,1/1024,0,4194304,
ministral3_8b_2512/qkv_projection/1024,ministral3_8b_2512,d4883f9b36aa2e5d775730d3fdba3d30de51a8ef,0,qkv_projection,finite,1024,,total,,,,4194304,25165824,1/6,0,25165824,8388608
ministral3_8b_2512/qkv_projection/1024,ministral3_8b_2512,d4883f9b36aa2e5d775730d3fdba3d30de51a8ef,0,qkv_projection,finite,1024,,Q,4096,4096,1,4194304,16777216,1/4,0,16777216,
ministral3_8b_2512/qkv_projection/1024,ministral3_8b_2512,d4883f9b36aa2e5d775730d3fdba3d30de51a8ef,0,qkv_projection,finite,1024,,K,1024,4096,1,4194304,4194304,1,0,4194304,
ministral3_8b_2512/qkv_projection/1024,ministral3_8b_2512,d4883f9b36aa2e5d775730d3fdba3d30de51a8ef,0,qkv_projection,finite,1024,,V,1024,4096,1,4194304,4194304,1,0,4194304,
ministral3_8b_2512/qkv_projection/131072,ministral3_8b_2512,d4883f9b36aa2e5d775730d3fdba3d30de51a8ef,0,qkv_projection,finite,131072,,total,,,,536870912,25165824,64/3,0,25165824,1073741824
ministral3_8b_2512/qkv_projection/131072,ministral3_8b_2512,d4883f9b36aa2e5d775730d3fdba3d30de51a8ef,0,qkv_projection,finite,131072,,Q,4096,4096,1,536870912,16777216,32,0,16777216,
ministral3_8b_2512/qkv_projection/131072,ministral3_8b_2512,d4883f9b36aa2e5d775730d3fdba3d30de51a8ef,0,qkv_projection,finite,131072,,K,1024,4096,1,536870912,4194304,128,0,4194304,
ministral3_8b_2512/qkv_projection/131072,ministral3_8b_2512,d4883f9b36aa2e5d775730d3fdba3d30de51a8ef,0,qkv_projection,finite,131072,,V,1024,4096,1,536870912,4194304,128,0,4194304,
ministral3_8b_2512/qkv_projection/1048576,ministral3_8b_2512,d4883f9b36aa2e5d775730d3fdba3d30de51a8ef,0,qkv_projection,finite,1048576,,total,,,,4294967296,25165824,512/3,0,25165824,8589934592
ministral3_8b_2512/qkv_projection/1048576,ministral3_8b_2512,d4883f9b36aa2e5d775730d3fdba3d30de51a8ef,0,qkv_projection,finite,1048576,,Q,4096,4096,1,4294967296,16777216,256,0,16777216,
ministral3_8b_2512/qkv_projection/1048576,ministral3_8b_2512,d4883f9b36aa2e5d775730d3fdba3d30de51a8ef,0,qkv_projection,finite,1048576,,K,1024,4096,1,4294967296,4194304,1024,0,4194304,
ministral3_8b_2512/qkv_projection/1048576,ministral3_8b_2512,d4883f9b36aa2e5d775730d3fdba3d30de51a8ef,0,qkv_projection,finite,1048576,,V,1024,4096,1,4294967296,4194304,1024,0,4194304,
ministral3_8b_2512/qkv_projection/infinity,ministral3_8b_2512,d4883f9b36aa2e5d775730d3fdba3d30de51a8ef,0,qkv_projection,limit,infinity,,total,,,,infinity,25165824,infinity,0,25165824,infinity
ministral3_8b_2512/qkv_projection/infinity,ministral3_8b_2512,d4883f9b36aa2e5d775730d3fdba3d30de51a8ef,0,qkv_projection,limit,infinity,,Q,4096,4096,1,infinity,16777216,infinity,0,16777216,
ministral3_8b_2512/qkv_projection/infinity,ministral3_8b_2512,d4883f9b36aa2e5d775730d3fdba3d30de51a8ef,0,qkv_projection,limit,infinity,,K,1024,4096,1,infinity,4194304,infinity,0,4194304,
ministral3_8b_2512/qkv_projection/infinity,ministral3_8b_2512,d4883f9b36aa2e5d775730d3fdba3d30de51a8ef,0,qkv_projection,limit,infinity,,V,1024,4096,1,infinity,4194304,infinity,0,4194304,
ministral3_8b_2512/ffn_or_moe/1,ministral3_8b_2512,d4883f9b36aa2e5d775730d3fdba3d30de51a8ef,0,ffn_or_moe,finite,1,,total,,,,18432,176160768,3/28672,0,176160768,4096
ministral3_8b_2512/ffn_or_moe/1,ministral3_8b_2512,d4883f9b36aa2e5d775730d3fdba3d30de51a8ef,0,ffn_or_moe,finite,1,,gate,14336,4096,1,4096,58720256,1/14336,0,58720256,
ministral3_8b_2512/ffn_or_moe/1,ministral3_8b_2512,d4883f9b36aa2e5d775730d3fdba3d30de51a8ef,0,ffn_or_moe,finite,1,,up,14336,4096,1,4096,58720256,1/14336,0,58720256,
ministral3_8b_2512/ffn_or_moe/1,ministral3_8b_2512,d4883f9b36aa2e5d775730d3fdba3d30de51a8ef,0,ffn_or_moe,finite,1,,down,4096,14336,1,14336,58720256,1/4096,0,58720256,
ministral3_8b_2512/ffn_or_moe/16,ministral3_8b_2512,d4883f9b36aa2e5d775730d3fdba3d30de51a8ef,0,ffn_or_moe,finite,16,,total,,,,294912,176160768,3/1792,0,176160768,65536
ministral3_8b_2512/ffn_or_moe/16,ministral3_8b_2512,d4883f9b36aa2e5d775730d3fdba3d30de51a8ef,0,ffn_or_moe,finite,16,,gate,14336,4096,1,65536,58720256,1/896,0,58720256,
ministral3_8b_2512/ffn_or_moe/16,ministral3_8b_2512,d4883f9b36aa2e5d775730d3fdba3d30de51a8ef,0,ffn_or_moe,finite,16,,up,14336,4096,1,65536,58720256,1/896,0,58720256,
ministral3_8b_2512/ffn_or_moe/16,ministral3_8b_2512,d4883f9b36aa2e5d775730d3fdba3d30de51a8ef,0,ffn_or_moe,finite,16,,down,4096,14336,1,229376,58720256,1/256,0,58720256,
ministral3_8b_2512/ffn_or_moe/128,ministral3_8b_2512,d4883f9b36aa2e5d775730d3fdba3d30de51a8ef,0,ffn_or_moe,finite,128,,total,,,,2359296,176160768,3/224,0,176160768,524288
ministral3_8b_2512/ffn_or_moe/128,ministral3_8b_2512,d4883f9b36aa2e5d775730d3fdba3d30de51a8ef,0,ffn_or_moe,finite,128,,gate,14336,4096,1,524288,58720256,1/112,0,58720256,
ministral3_8b_2512/ffn_or_moe/128,ministral3_8b_2512,d4883f9b36aa2e5d775730d3fdba3d30de51a8ef,0,ffn_or_moe,finite,128,,up,14336,4096,1,524288,58720256,1/112,0,58720256,
ministral3_8b_2512/ffn_or_moe/128,ministral3_8b_2512,d4883f9b36aa2e5d775730d3fdba3d30de51a8ef,0,ffn_or_moe,finite,128,,down,4096,14336,1,1835008,58720256,1/32,0,58720256,
ministral3_8b_2512/ffn_or_moe/1024,ministral3_8b_2512,d4883f9b36aa2e5d775730d3fdba3d30de51a8ef,0,ffn_or_moe,finite,1024,,total,,,,18874368,176160768,3/28,0,176160768,4194304
ministral3_8b_2512/ffn_or_moe/1024,ministral3_8b_2512,d4883f9b36aa2e5d775730d3fdba3d30de51a8ef,0,ffn_or_moe,finite,1024,,gate,14336,4096,1,4194304,58720256,1/14,0,58720256,
ministral3_8b_2512/ffn_or_moe/1024,ministral3_8b_2512,d4883f9b36aa2e5d775730d3fdba3d30de51a8ef,0,ffn_or_moe,finite,1024,,up,14336,4096,1,4194304,58720256,1/14,0,58720256,
ministral3_8b_2512/ffn_or_moe/1024,ministral3_8b_2512,d4883f9b36aa2e5d775730d3fdba3d30de51a8ef,0,ffn_or_moe,finite,1024,,down,4096,14336,1,14680064,58720256,1/4,0,58720256,
ministral3_8b_2512/ffn_or_moe/16384,ministral3_8b_2512,d4883f9b36aa2e5d775730d3fdba3d30de51a8ef,0,ffn_or_moe,finite,16384,,total,,,,301989888,176160768,12/7,0,176160768,67108864
ministral3_8b_2512/ffn_or_moe/16384,ministral3_8b_2512,d4883f9b36aa2e5d775730d3fdba3d30de51a8ef,0,ffn_or_moe,finite,16384,,gate,14336,4096,1,67108864,58720256,8/7,0,58720256,
ministral3_8b_2512/ffn_or_moe/16384,ministral3_8b_2512,d4883f9b36aa2e5d775730d3fdba3d30de51a8ef,0,ffn_or_moe,finite,16384,,up,14336,4096,1,67108864,58720256,8/7,0,58720256,
ministral3_8b_2512/ffn_or_moe/16384,ministral3_8b_2512,d4883f9b36aa2e5d775730d3fdba3d30de51a8ef,0,ffn_or_moe,finite,16384,,down,4096,14336,1,234881024,58720256,4,0,58720256,
ministral3_8b_2512/attention_prefill/1024,ministral3_8b_2512,d4883f9b36aa2e5d775730d3fdba3d30de51a8ef,0,attention_prefill,finite,,1024,total,,,,20987904,2097152,1281/128,0,2097152,0
ministral3_8b_2512/attention_prefill/1024,ministral3_8b_2512,d4883f9b36aa2e5d775730d3fdba3d30de51a8ef,0,attention_prefill,finite,,1024,QK,1024,128,8,4194304,1048576,4,0,1048576,
ministral3_8b_2512/attention_prefill/1024,ministral3_8b_2512,d4883f9b36aa2e5d775730d3fdba3d30de51a8ef,0,attention_prefill,finite,,1024,AV,128,1024,8,16793600,1048576,1025/64,0,1048576,
ministral3_8b_2512/attention_prefill/8192,ministral3_8b_2512,d4883f9b36aa2e5d775730d3fdba3d30de51a8ef,0,attention_prefill,finite,,8192,total,,,,1107427328,16777216,8449/128,0,16777216,0
ministral3_8b_2512/attention_prefill/8192,ministral3_8b_2512,d4883f9b36aa2e5d775730d3fdba3d30de51a8ef,0,attention_prefill,finite,,8192,QK,8192,128,8,33554432,8388608,4,0,8388608,
ministral3_8b_2512/attention_prefill/8192,ministral3_8b_2512,d4883f9b36aa2e5d775730d3fdba3d30de51a8ef,0,attention_prefill,finite,,8192,AV,128,8192,8,1073872896,8388608,8193/64,0,8388608,
ministral3_8b_2512/attention_prefill/65536,ministral3_8b_2512,d4883f9b36aa2e5d775730d3fdba3d30de51a8ef,0,attention_prefill,finite,,65536,total,,,,68988960768,134217728,65793/128,0,134217728,0
ministral3_8b_2512/attention_prefill/65536,ministral3_8b_2512,d4883f9b36aa2e5d775730d3fdba3d30de51a8ef,0,attention_prefill,finite,,65536,QK,65536,128,8,268435456,67108864,4,0,67108864,
ministral3_8b_2512/attention_prefill/65536,ministral3_8b_2512,d4883f9b36aa2e5d775730d3fdba3d30de51a8ef,0,attention_prefill,finite,,65536,AV,128,65536,8,68720525312,67108864,65537/64,0,67108864,
ministral3_8b_2512/attention_decode/1024,ministral3_8b_2512,d4883f9b36aa2e5d775730d3fdba3d30de51a8ef,0,attention_decode,finite,,1024,total,,,,36864,2048,18,2095104,2097152,0
ministral3_8b_2512/attention_decode/1024,ministral3_8b_2512,d4883f9b36aa2e5d775730d3fdba3d30de51a8ef,0,attention_decode,finite,,1024,QK,1024,128,8,4096,1024,4,1047552,1048576,
ministral3_8b_2512/attention_decode/1024,ministral3_8b_2512,d4883f9b36aa2e5d775730d3fdba3d30de51a8ef,0,attention_decode,finite,,1024,AV,128,1024,8,32768,1024,32,1047552,1048576,
ministral3_8b_2512/attention_decode/8192,ministral3_8b_2512,d4883f9b36aa2e5d775730d3fdba3d30de51a8ef,0,attention_decode,finite,,8192,total,,,,266240,2048,130,16775168,16777216,0
ministral3_8b_2512/attention_decode/8192,ministral3_8b_2512,d4883f9b36aa2e5d775730d3fdba3d30de51a8ef,0,attention_decode,finite,,8192,QK,8192,128,8,4096,1024,4,8387584,8388608,
ministral3_8b_2512/attention_decode/8192,ministral3_8b_2512,d4883f9b36aa2e5d775730d3fdba3d30de51a8ef,0,attention_decode,finite,,8192,AV,128,8192,8,262144,1024,256,8387584,8388608,
ministral3_8b_2512/attention_decode/65536,ministral3_8b_2512,d4883f9b36aa2e5d775730d3fdba3d30de51a8ef,0,attention_decode,finite,,65536,total,,,,2101248,2048,1026,134215680,134217728,0
ministral3_8b_2512/attention_decode/65536,ministral3_8b_2512,d4883f9b36aa2e5d775730d3fdba3d30de51a8ef,0,attention_decode,finite,,65536,QK,65536,128,8,4096,1024,4,67107840,67108864,
ministral3_8b_2512/attention_decode/65536,ministral3_8b_2512,d4883f9b36aa2e5d775730d3fdba3d30de51a8ef,0,attention_decode,finite,,65536,AV,128,65536,8,2097152,1024,2048,67107840,67108864,
qwen36_35b_a3b/qkv_projection/1,qwen36_35b_a3b,995ad96eacd98c81ed38be0c5b274b04031597b0,3,qkv_projection,finite,1,,total,,,,2048,18874368,1/9216,0,18874368,6144
qwen36_35b_a3b/qkv_projection/1,qwen36_35b_a3b,995ad96eacd98c81ed38be0c5b274b04031597b0,3,qkv_projection,finite,1,,Q,4096,2048,1,2048,8388608,1/4096,0,8388608,
qwen36_35b_a3b/qkv_projection/1,qwen36_35b_a3b,995ad96eacd98c81ed38be0c5b274b04031597b0,3,qkv_projection,finite,1,,G,4096,2048,1,2048,8388608,1/4096,0,8388608,
qwen36_35b_a3b/qkv_projection/1,qwen36_35b_a3b,995ad96eacd98c81ed38be0c5b274b04031597b0,3,qkv_projection,finite,1,,K,512,2048,1,2048,1048576,1/512,0,1048576,
qwen36_35b_a3b/qkv_projection/1,qwen36_35b_a3b,995ad96eacd98c81ed38be0c5b274b04031597b0,3,qkv_projection,finite,1,,V,512,2048,1,2048,1048576,1/512,0,1048576,
qwen36_35b_a3b/qkv_projection/1024,qwen36_35b_a3b,995ad96eacd98c81ed38be0c5b274b04031597b0,3,qkv_projection,finite,1024,,total,,,,2097152,18874368,1/9,0,18874368,6291456
qwen36_35b_a3b/qkv_projection/1024,qwen36_35b_a3b,995ad96eacd98c81ed38be0c5b274b04031597b0,3,qkv_projection,finite,1024,,Q,4096,2048,1,2097152,8388608,1/4,0,8388608,
qwen36_35b_a3b/qkv_projection/1024,qwen36_35b_a3b,995ad96eacd98c81ed38be0c5b274b04031597b0,3,qkv_projection,finite,1024,,G,4096,2048,1,2097152,8388608,1/4,0,8388608,
qwen36_35b_a3b/qkv_projection/1024,qwen36_35b_a3b,995ad96eacd98c81ed38be0c5b274b04031597b0,3,qkv_projection,finite,1024,,K,512,2048,1,2097152,1048576,2,0,1048576,
qwen36_35b_a3b/qkv_projection/1024,qwen36_35b_a3b,995ad96eacd98c81ed38be0c5b274b04031597b0,3,qkv_projection,finite,1024,,V,512,2048,1,2097152,1048576,2,0,1048576,
qwen36_35b_a3b/qkv_projection/131072,qwen36_35b_a3b,995ad96eacd98c81ed38be0c5b274b04031597b0,3,qkv_projection,finite,131072,,total,,,,268435456,18874368,128/9,0,18874368,805306368
qwen36_35b_a3b/qkv_projection/131072,qwen36_35b_a3b,995ad96eacd98c81ed38be0c5b274b04031597b0,3,qkv_projection,finite,131072,,Q,4096,2048,1,268435456,8388608,32,0,8388608,
qwen36_35b_a3b/qkv_projection/131072,qwen36_35b_a3b,995ad96eacd98c81ed38be0c5b274b04031597b0,3,qkv_projection,finite,131072,,G,4096,2048,1,268435456,8388608,32,0,8388608,
qwen36_35b_a3b/qkv_projection/131072,qwen36_35b_a3b,995ad96eacd98c81ed38be0c5b274b04031597b0,3,qkv_projection,finite,131072,,K,512,2048,1,268435456,1048576,256,0,1048576,
qwen36_35b_a3b/qkv_projection/131072,qwen36_35b_a3b,995ad96eacd98c81ed38be0c5b274b04031597b0,3,qkv_projection,finite,131072,,V,512,2048,1,268435456,1048576,256,0,1048576,
qwen36_35b_a3b/qkv_projection/1048576,qwen36_35b_a3b,995ad96eacd98c81ed38be0c5b274b04031597b0,3,qkv_projection,finite,1048576,,total,,,,2147483648,18874368,1024/9,0,18874368,6442450944
qwen36_35b_a3b/qkv_projection/1048576,qwen36_35b_a3b,995ad96eacd98c81ed38be0c5b274b04031597b0,3,qkv_projection,finite,1048576,,Q,4096,2048,1,2147483648,8388608,256,0,8388608,
qwen36_35b_a3b/qkv_projection/1048576,qwen36_35b_a3b,995ad96eacd98c81ed38be0c5b274b04031597b0,3,qkv_projection,finite,1048576,,G,4096,2048,1,2147483648,8388608,256,0,8388608,
qwen36_35b_a3b/qkv_projection/1048576,qwen36_35b_a3b,995ad96eacd98c81ed38be0c5b274b04031597b0,3,qkv_projection,finite,1048576,,K,512,2048,1,2147483648,1048576,2048,0,1048576,
qwen36_35b_a3b/qkv_projection/1048576,qwen36_35b_a3b,995ad96eacd98c81ed38be0c5b274b04031597b0,3,qkv_projection,finite,1048576,,V,512,2048,1,2147483648,1048576,2048,0,1048576,
qwen36_35b_a3b/qkv_projection/infinity,qwen36_35b_a3b,995ad96eacd98c81ed38be0c5b274b04031597b0,3,qkv_projection,limit,infinity,,total,,,,infinity,18874368,infinity,0,18874368,infinity
qwen36_35b_a3b/qkv_projection/infinity,qwen36_35b_a3b,995ad96eacd98c81ed38be0c5b274b04031597b0,3,qkv_projection,limit,infinity,,Q,4096,2048,1,infinity,8388608,infinity,0,8388608,
qwen36_35b_a3b/qkv_projection/infinity,qwen36_35b_a3b,995ad96eacd98c81ed38be0c5b274b04031597b0,3,qkv_projection,limit,infinity,,G,4096,2048,1,infinity,8388608,infinity,0,8388608,
qwen36_35b_a3b/qkv_projection/infinity,qwen36_35b_a3b,995ad96eacd98c81ed38be0c5b274b04031597b0,3,qkv_projection,limit,infinity,,K,512,2048,1,infinity,1048576,infinity,0,1048576,
qwen36_35b_a3b/qkv_projection/infinity,qwen36_35b_a3b,995ad96eacd98c81ed38be0c5b274b04031597b0,3,qkv_projection,limit,infinity,,V,512,2048,1,infinity,1048576,infinity,0,1048576,
qwen36_35b_a3b/ffn_or_moe/1,qwen36_35b_a3b,995ad96eacd98c81ed38be0c5b274b04031597b0,3,ffn_or_moe,finite,1,,total,,,,2560,3145728,5/6144,0,3145728,2048
qwen36_35b_a3b/ffn_or_moe/1,qwen36_35b_a3b,995ad96eacd98c81ed38be0c5b274b04031597b0,3,ffn_or_moe,finite,1,,gate,512,2048,1,2048,1048576,1/512,0,1048576,
qwen36_35b_a3b/ffn_or_moe/1,qwen36_35b_a3b,995ad96eacd98c81ed38be0c5b274b04031597b0,3,ffn_or_moe,finite,1,,up,512,2048,1,2048,1048576,1/512,0,1048576,
qwen36_35b_a3b/ffn_or_moe/1,qwen36_35b_a3b,995ad96eacd98c81ed38be0c5b274b04031597b0,3,ffn_or_moe,finite,1,,down,2048,512,1,512,1048576,1/2048,0,1048576,
qwen36_35b_a3b/ffn_or_moe/16,qwen36_35b_a3b,995ad96eacd98c81ed38be0c5b274b04031597b0,3,ffn_or_moe,finite,16,,total,,,,40960,3145728,5/384,0,3145728,32768
qwen36_35b_a3b/ffn_or_moe/16,qwen36_35b_a3b,995ad96eacd98c81ed38be0c5b274b04031597b0,3,ffn_or_moe,finite,16,,gate,512,2048,1,32768,1048576,1/32,0,1048576,
qwen36_35b_a3b/ffn_or_moe/16,qwen36_35b_a3b,995ad96eacd98c81ed38be0c5b274b04031597b0,3,ffn_or_moe,finite,16,,up,512,2048,1,32768,1048576,1/32,0,1048576,
qwen36_35b_a3b/ffn_or_moe/16,qwen36_35b_a3b,995ad96eacd98c81ed38be0c5b274b04031597b0,3,ffn_or_moe,finite,16,,down,2048,512,1,8192,1048576,1/128,0,1048576,
qwen36_35b_a3b/ffn_or_moe/128,qwen36_35b_a3b,995ad96eacd98c81ed38be0c5b274b04031597b0,3,ffn_or_moe,finite,128,,total,,,,327680,3145728,5/48,0,3145728,262144
qwen36_35b_a3b/ffn_or_moe/128,qwen36_35b_a3b,995ad96eacd98c81ed38be0c5b274b04031597b0,3,ffn_or_moe,finite,128,,gate,512,2048,1,262144,1048576,1/4,0,1048576,
qwen36_35b_a3b/ffn_or_moe/128,qwen36_35b_a3b,995ad96eacd98c81ed38be0c5b274b04031597b0,3,ffn_or_moe,finite,128,,up,512,2048,1,262144,1048576,1/4,0,1048576,
qwen36_35b_a3b/ffn_or_moe/128,qwen36_35b_a3b,995ad96eacd98c81ed38be0c5b274b04031597b0,3,ffn_or_moe,finite,128,,down,2048,512,1,65536,1048576,1/16,0,1048576,
qwen36_35b_a3b/ffn_or_moe/1024,qwen36_35b_a3b,995ad96eacd98c81ed38be0c5b274b04031597b0,3,ffn_or_moe,finite,1024,,total,,,,2621440,3145728,5/6,0,3145728,2097152
qwen36_35b_a3b/ffn_or_moe/1024,qwen36_35b_a3b,995ad96eacd98c81ed38be0c5b274b04031597b0,3,ffn_or_moe,finite,1024,,gate,512,2048,1,2097152,1048576,2,0,1048576,
qwen36_35b_a3b/ffn_or_moe/1024,qwen36_35b_a3b,995ad96eacd98c81ed38be0c5b274b04031597b0,3,ffn_or_moe,finite,1024,,up,512,2048,1,2097152,1048576,2,0,1048576,
qwen36_35b_a3b/ffn_or_moe/1024,qwen36_35b_a3b,995ad96eacd98c81ed38be0c5b274b04031597b0,3,ffn_or_moe,finite,1024,,down,2048,512,1,524288,1048576,1/2,0,1048576,
qwen36_35b_a3b/ffn_or_moe/16384,qwen36_35b_a3b,995ad96eacd98c81ed38be0c5b274b04031597b0,3,ffn_or_moe,finite,16384,,total,,,,41943040,3145728,40/3,0,3145728,33554432
qwen36_35b_a3b/ffn_or_moe/16384,qwen36_35b_a3b,995ad96eacd98c81ed38be0c5b274b04031597b0,3,ffn_or_moe,finite,16384,,gate,512,2048,1,33554432,1048576,32,0,1048576,
qwen36_35b_a3b/ffn_or_moe/16384,qwen36_35b_a3b,995ad96eacd98c81ed38be0c5b274b04031597b0,3,ffn_or_moe,finite,16384,,up,512,2048,1,33554432,1048576,32,0,1048576,
qwen36_35b_a3b/ffn_or_moe/16384,qwen36_35b_a3b,995ad96eacd98c81ed38be0c5b274b04031597b0,3,ffn_or_moe,finite,16384,,down,2048,512,1,8388608,1048576,8,0,1048576,
qwen36_35b_a3b/attention_prefill/1024,qwen36_35b_a3b,995ad96eacd98c81ed38be0c5b274b04031597b0,3,attention_prefill,finite,,1024,total,,,,12591104,1048576,1537/128,0,1048576,0
qwen36_35b_a3b/attention_prefill/1024,qwen36_35b_a3b,995ad96eacd98c81ed38be0c5b274b04031597b0,3,attention_prefill,finite,,1024,QK,1024,256,2,4194304,524288,8,0,524288,
qwen36_35b_a3b/attention_prefill/1024,qwen36_35b_a3b,995ad96eacd98c81ed38be0c5b274b04031597b0,3,attention_prefill,finite,,1024,AV,256,1024,2,8396800,524288,1025/64,0,524288,
qwen36_35b_a3b/attention_prefill/8192,qwen36_35b_a3b,995ad96eacd98c81ed38be0c5b274b04031597b0,3,attention_prefill,finite,,8192,total,,,,570490880,8388608,8705/128,0,8388608,0
qwen36_35b_a3b/attention_prefill/8192,qwen36_35b_a3b,995ad96eacd98c81ed38be0c5b274b04031597b0,3,attention_prefill,finite,,8192,QK,8192,256,2,33554432,4194304,8,0,4194304,
qwen36_35b_a3b/attention_prefill/8192,qwen36_35b_a3b,995ad96eacd98c81ed38be0c5b274b04031597b0,3,attention_prefill,finite,,8192,AV,256,8192,2,536936448,4194304,8193/64,0,4194304,
qwen36_35b_a3b/attention_prefill/65536,qwen36_35b_a3b,995ad96eacd98c81ed38be0c5b274b04031597b0,3,attention_prefill,finite,,65536,total,,,,34628698112,67108864,66049/128,0,67108864,0
qwen36_35b_a3b/attention_prefill/65536,qwen36_35b_a3b,995ad96eacd98c81ed38be0c5b274b04031597b0,3,attention_prefill,finite,,65536,QK,65536,256,2,268435456,33554432,8,0,33554432,
qwen36_35b_a3b/attention_prefill/65536,qwen36_35b_a3b,995ad96eacd98c81ed38be0c5b274b04031597b0,3,attention_prefill,finite,,65536,AV,256,65536,2,34360262656,33554432,65537/64,0,33554432,
qwen36_35b_a3b/attention_decode/1024,qwen36_35b_a3b,995ad96eacd98c81ed38be0c5b274b04031597b0,3,attention_decode,finite,,1024,total,,,,20480,1024,20,1047552,1048576,0
qwen36_35b_a3b/attention_decode/1024,qwen36_35b_a3b,995ad96eacd98c81ed38be0c5b274b04031597b0,3,attention_decode,finite,,1024,QK,1024,256,2,4096,512,8,523776,524288,
qwen36_35b_a3b/attention_decode/1024,qwen36_35b_a3b,995ad96eacd98c81ed38be0c5b274b04031597b0,3,attention_decode,finite,,1024,AV,256,1024,2,16384,512,32,523776,524288,
qwen36_35b_a3b/attention_decode/8192,qwen36_35b_a3b,995ad96eacd98c81ed38be0c5b274b04031597b0,3,attention_decode,finite,,8192,total,,,,135168,1024,132,8387584,8388608,0
qwen36_35b_a3b/attention_decode/8192,qwen36_35b_a3b,995ad96eacd98c81ed38be0c5b274b04031597b0,3,attention_decode,finite,,8192,QK,8192,256,2,4096,512,8,4193792,4194304,
qwen36_35b_a3b/attention_decode/8192,qwen36_35b_a3b,995ad96eacd98c81ed38be0c5b274b04031597b0,3,attention_decode,finite,,8192,AV,256,8192,2,131072,512,256,4193792,4194304,
qwen36_35b_a3b/attention_decode/65536,qwen36_35b_a3b,995ad96eacd98c81ed38be0c5b274b04031597b0,3,attention_decode,finite,,65536,total,,,,1052672,1024,1028,67107840,67108864,0
qwen36_35b_a3b/attention_decode/65536,qwen36_35b_a3b,995ad96eacd98c81ed38be0c5b274b04031597b0,3,attention_decode,finite,,65536,QK,65536,256,2,4096,512,8,33553920,33554432,
qwen36_35b_a3b/attention_decode/65536,qwen36_35b_a3b,995ad96eacd98c81ed38be0c5b274b04031597b0,3,attention_decode,finite,,65536,AV,256,65536,2,1048576,512,2048,33553920,33554432,
hy3_295b/qkv_projection/1,hy3_295b,a960ebc3da325ba167f069f76c41eb62c9280d22,1,qkv_projection,finite,1,,total,,,,4096,41943040,1/10240,0,41943040,8192
hy3_295b/qkv_projection/1,hy3_295b,a960ebc3da325ba167f069f76c41eb62c9280d22,1,qkv_projection,finite,1,,Q,8192,4096,1,4096,33554432,1/8192,0,33554432,
hy3_295b/qkv_projection/1,hy3_295b,a960ebc3da325ba167f069f76c41eb62c9280d22,1,qkv_projection,finite,1,,K,1024,4096,1,4096,4194304,1/1024,0,4194304,
hy3_295b/qkv_projection/1,hy3_295b,a960ebc3da325ba167f069f76c41eb62c9280d22,1,qkv_projection,finite,1,,V,1024,4096,1,4096,4194304,1/1024,0,4194304,
hy3_295b/qkv_projection/1024,hy3_295b,a960ebc3da325ba167f069f76c41eb62c9280d22,1,qkv_projection,finite,1024,,total,,,,4194304,41943040,1/10,0,41943040,8388608
hy3_295b/qkv_projection/1024,hy3_295b,a960ebc3da325ba167f069f76c41eb62c9280d22,1,qkv_projection,finite,1024,,Q,8192,4096,1,4194304,33554432,1/8,0,33554432,
hy3_295b/qkv_projection/1024,hy3_295b,a960ebc3da325ba167f069f76c41eb62c9280d22,1,qkv_projection,finite,1024,,K,1024,4096,1,4194304,4194304,1,0,4194304,
hy3_295b/qkv_projection/1024,hy3_295b,a960ebc3da325ba167f069f76c41eb62c9280d22,1,qkv_projection,finite,1024,,V,1024,4096,1,4194304,4194304,1,0,4194304,
hy3_295b/qkv_projection/131072,hy3_295b,a960ebc3da325ba167f069f76c41eb62c9280d22,1,qkv_projection,finite,131072,,total,,,,536870912,41943040,64/5,0,41943040,1073741824
hy3_295b/qkv_projection/131072,hy3_295b,a960ebc3da325ba167f069f76c41eb62c9280d22,1,qkv_projection,finite,131072,,Q,8192,4096,1,536870912,33554432,16,0,33554432,
hy3_295b/qkv_projection/131072,hy3_295b,a960ebc3da325ba167f069f76c41eb62c9280d22,1,qkv_projection,finite,131072,,K,1024,4096,1,536870912,4194304,128,0,4194304,
hy3_295b/qkv_projection/131072,hy3_295b,a960ebc3da325ba167f069f76c41eb62c9280d22,1,qkv_projection,finite,131072,,V,1024,4096,1,536870912,4194304,128,0,4194304,
hy3_295b/qkv_projection/1048576,hy3_295b,a960ebc3da325ba167f069f76c41eb62c9280d22,1,qkv_projection,finite,1048576,,total,,,,4294967296,41943040,512/5,0,41943040,8589934592
hy3_295b/qkv_projection/1048576,hy3_295b,a960ebc3da325ba167f069f76c41eb62c9280d22,1,qkv_projection,finite,1048576,,Q,8192,4096,1,4294967296,33554432,128,0,33554432,
hy3_295b/qkv_projection/1048576,hy3_295b,a960ebc3da325ba167f069f76c41eb62c9280d22,1,qkv_projection,finite,1048576,,K,1024,4096,1,4294967296,4194304,1024,0,4194304,
hy3_295b/qkv_projection/1048576,hy3_295b,a960ebc3da325ba167f069f76c41eb62c9280d22,1,qkv_projection,finite,1048576,,V,1024,4096,1,4294967296,4194304,1024,0,4194304,
hy3_295b/qkv_projection/infinity,hy3_295b,a960ebc3da325ba167f069f76c41eb62c9280d22,1,qkv_projection,limit,infinity,,total,,,,infinity,41943040,infinity,0,41943040,infinity
hy3_295b/qkv_projection/infinity,hy3_295b,a960ebc3da325ba167f069f76c41eb62c9280d22,1,qkv_projection,limit,infinity,,Q,8192,4096,1,infinity,33554432,infinity,0,33554432,
hy3_295b/qkv_projection/infinity,hy3_295b,a960ebc3da325ba167f069f76c41eb62c9280d22,1,qkv_projection,limit,infinity,,K,1024,4096,1,infinity,4194304,infinity,0,4194304,
hy3_295b/qkv_projection/infinity,hy3_295b,a960ebc3da325ba167f069f76c41eb62c9280d22,1,qkv_projection,limit,infinity,,V,1024,4096,1,infinity,4194304,infinity,0,4194304,
hy3_295b/ffn_or_moe/1,hy3_295b,a960ebc3da325ba167f069f76c41eb62c9280d22,1,ffn_or_moe,finite,1,,total,,,,5632,18874368,11/36864,0,18874368,4096
hy3_295b/ffn_or_moe/1,hy3_295b,a960ebc3da325ba167f069f76c41eb62c9280d22,1,ffn_or_moe,finite,1,,gate,1536,4096,1,4096,6291456,1/1536,0,6291456,
hy3_295b/ffn_or_moe/1,hy3_295b,a960ebc3da325ba167f069f76c41eb62c9280d22,1,ffn_or_moe,finite,1,,up,1536,4096,1,4096,6291456,1/1536,0,6291456,
hy3_295b/ffn_or_moe/1,hy3_295b,a960ebc3da325ba167f069f76c41eb62c9280d22,1,ffn_or_moe,finite,1,,down,4096,1536,1,1536,6291456,1/4096,0,6291456,
hy3_295b/ffn_or_moe/16,hy3_295b,a960ebc3da325ba167f069f76c41eb62c9280d22,1,ffn_or_moe,finite,16,,total,,,,90112,18874368,11/2304,0,18874368,65536
hy3_295b/ffn_or_moe/16,hy3_295b,a960ebc3da325ba167f069f76c41eb62c9280d22,1,ffn_or_moe,finite,16,,gate,1536,4096,1,65536,6291456,1/96,0,6291456,
hy3_295b/ffn_or_moe/16,hy3_295b,a960ebc3da325ba167f069f76c41eb62c9280d22,1,ffn_or_moe,finite,16,,up,1536,4096,1,65536,6291456,1/96,0,6291456,
hy3_295b/ffn_or_moe/16,hy3_295b,a960ebc3da325ba167f069f76c41eb62c9280d22,1,ffn_or_moe,finite,16,,down,4096,1536,1,24576,6291456,1/256,0,6291456,
hy3_295b/ffn_or_moe/128,hy3_295b,a960ebc3da325ba167f069f76c41eb62c9280d22,1,ffn_or_moe,finite,128,,total,,,,720896,18874368,11/288,0,18874368,524288
hy3_295b/ffn_or_moe/128,hy3_295b,a960ebc3da325ba167f069f76c41eb62c9280d22,1,ffn_or_moe,finite,128,,gate,1536,4096,1,524288,6291456,1/12,0,6291456,
hy3_295b/ffn_or_moe/128,hy3_295b,a960ebc3da325ba167f069f76c41eb62c9280d22,1,ffn_or_moe,finite,128,,up,1536,4096,1,524288,6291456,1/12,0,6291456,
hy3_295b/ffn_or_moe/128,hy3_295b,a960ebc3da325ba167f069f76c41eb62c9280d22,1,ffn_or_moe,finite,128,,down,4096,1536,1,196608,6291456,1/32,0,6291456,
hy3_295b/ffn_or_moe/1024,hy3_295b,a960ebc3da325ba167f069f76c41eb62c9280d22,1,ffn_or_moe,finite,1024,,total,,,,5767168,18874368,11/36,0,18874368,4194304
hy3_295b/ffn_or_moe/1024,hy3_295b,a960ebc3da325ba167f069f76c41eb62c9280d22,1,ffn_or_moe,finite,1024,,gate,1536,4096,1,4194304,6291456,2/3,0,6291456,
hy3_295b/ffn_or_moe/1024,hy3_295b,a960ebc3da325ba167f069f76c41eb62c9280d22,1,ffn_or_moe,finite,1024,,up,1536,4096,1,4194304,6291456,2/3,0,6291456,
hy3_295b/ffn_or_moe/1024,hy3_295b,a960ebc3da325ba167f069f76c41eb62c9280d22,1,ffn_or_moe,finite,1024,,down,4096,1536,1,1572864,6291456,1/4,0,6291456,
hy3_295b/ffn_or_moe/16384,hy3_295b,a960ebc3da325ba167f069f76c41eb62c9280d22,1,ffn_or_moe,finite,16384,,total,,,,92274688,18874368,44/9,0,18874368,67108864
hy3_295b/ffn_or_moe/16384,hy3_295b,a960ebc3da325ba167f069f76c41eb62c9280d22,1,ffn_or_moe,finite,16384,,gate,1536,4096,1,67108864,6291456,32/3,0,6291456,
hy3_295b/ffn_or_moe/16384,hy3_295b,a960ebc3da325ba167f069f76c41eb62c9280d22,1,ffn_or_moe,finite,16384,,up,1536,4096,1,67108864,6291456,32/3,0,6291456,
hy3_295b/ffn_or_moe/16384,hy3_295b,a960ebc3da325ba167f069f76c41eb62c9280d22,1,ffn_or_moe,finite,16384,,down,4096,1536,1,25165824,6291456,4,0,6291456,
hy3_295b/attention_prefill/1024,hy3_295b,a960ebc3da325ba167f069f76c41eb62c9280d22,1,attention_prefill,finite,,1024,total,,,,41975808,2097152,1281/64,0,2097152,0
hy3_295b/attention_prefill/1024,hy3_295b,a960ebc3da325ba167f069f76c41eb62c9280d22,1,attention_prefill,finite,,1024,QK,1024,128,8,8388608,1048576,8,0,1048576,
hy3_295b/attention_prefill/1024,hy3_295b,a960ebc3da325ba167f069f76c41eb62c9280d22,1,attention_prefill,finite,,1024,AV,128,1024,8,33587200,1048576,1025/32,0,1048576,
hy3_295b/attention_prefill/8192,hy3_295b,a960ebc3da325ba167f069f76c41eb62c9280d22,1,attention_prefill,finite,,8192,total,,,,2214854656,16777216,8449/64,0,16777216,0
hy3_295b/attention_prefill/8192,hy3_295b,a960ebc3da325ba167f069f76c41eb62c9280d22,1,attention_prefill,finite,,8192,QK,8192,128,8,67108864,8388608,8,0,8388608,
hy3_295b/attention_prefill/8192,hy3_295b,a960ebc3da325ba167f069f76c41eb62c9280d22,1,attention_prefill,finite,,8192,AV,128,8192,8,2147745792,8388608,8193/32,0,8388608,
hy3_295b/attention_prefill/65536,hy3_295b,a960ebc3da325ba167f069f76c41eb62c9280d22,1,attention_prefill,finite,,65536,total,,,,137977921536,134217728,65793/64,0,134217728,0
hy3_295b/attention_prefill/65536,hy3_295b,a960ebc3da325ba167f069f76c41eb62c9280d22,1,attention_prefill,finite,,65536,QK,65536,128,8,536870912,67108864,8,0,67108864,
hy3_295b/attention_prefill/65536,hy3_295b,a960ebc3da325ba167f069f76c41eb62c9280d22,1,attention_prefill,finite,,65536,AV,128,65536,8,137441050624,67108864,65537/32,0,67108864,
hy3_295b/attention_decode/1024,hy3_295b,a960ebc3da325ba167f069f76c41eb62c9280d22,1,attention_decode,finite,,1024,total,,,,73728,2048,36,2095104,2097152,0
hy3_295b/attention_decode/1024,hy3_295b,a960ebc3da325ba167f069f76c41eb62c9280d22,1,attention_decode,finite,,1024,QK,1024,128,8,8192,1024,8,1047552,1048576,
hy3_295b/attention_decode/1024,hy3_295b,a960ebc3da325ba167f069f76c41eb62c9280d22,1,attention_decode,finite,,1024,AV,128,1024,8,65536,1024,64,1047552,1048576,
hy3_295b/attention_decode/8192,hy3_295b,a960ebc3da325ba167f069f76c41eb62c9280d22,1,attention_decode,finite,,8192,total,,,,532480,2048,260,16775168,16777216,0
hy3_295b/attention_decode/8192,hy3_295b,a960ebc3da325ba167f069f76c41eb62c9280d22,1,attention_decode,finite,,8192,QK,8192,128,8,8192,1024,8,8387584,8388608,
hy3_295b/attention_decode/8192,hy3_295b,a960ebc3da325ba167f069f76c41eb62c9280d22,1,attention_decode,finite,,8192,AV,128,8192,8,524288,1024,512,8387584,8388608,
hy3_295b/attention_decode/65536,hy3_295b,a960ebc3da325ba167f069f76c41eb62c9280d22,1,attention_decode,finite,,65536,total,,,,4202496,2048,2052,134215680,134217728,0
hy3_295b/attention_decode/65536,hy3_295b,a960ebc3da325ba167f069f76c41eb62c9280d22,1,attention_decode,finite,,65536,QK,65536,128,8,8192,1024,8,67107840,67108864,
hy3_295b/attention_decode/65536,hy3_295b,a960ebc3da325ba167f069f76c41eb62c9280d22,1,attention_decode,finite,,65536,AV,128,65536,8,4194304,1024,4096,67107840,67108864,
ling_1t/qkv_projection/1,ling_1t,268f2aa76aa8cf5b36ca33805481cea91133327e,4,qkv_projection,finite,1,,total,,,,8192,83886080,1/10240,0,83886080,16384
ling_1t/qkv_projection/1,ling_1t,268f2aa76aa8cf5b36ca33805481cea91133327e,4,qkv_projection,finite,1,,Q,8192,8192,1,8192,67108864,1/8192,0,67108864,
ling_1t/qkv_projection/1,ling_1t,268f2aa76aa8cf5b36ca33805481cea91133327e,4,qkv_projection,finite,1,,K,1024,8192,1,8192,8388608,1/1024,0,8388608,
ling_1t/qkv_projection/1,ling_1t,268f2aa76aa8cf5b36ca33805481cea91133327e,4,qkv_projection,finite,1,,V,1024,8192,1,8192,8388608,1/1024,0,8388608,
ling_1t/qkv_projection/1024,ling_1t,268f2aa76aa8cf5b36ca33805481cea91133327e,4,qkv_projection,finite,1024,,total,,,,8388608,83886080,1/10,0,83886080,16777216
ling_1t/qkv_projection/1024,ling_1t,268f2aa76aa8cf5b36ca33805481cea91133327e,4,qkv_projection,finite,1024,,Q,8192,8192,1,8388608,67108864,1/8,0,67108864,
ling_1t/qkv_projection/1024,ling_1t,268f2aa76aa8cf5b36ca33805481cea91133327e,4,qkv_projection,finite,1024,,K,1024,8192,1,8388608,8388608,1,0,8388608,
ling_1t/qkv_projection/1024,ling_1t,268f2aa76aa8cf5b36ca33805481cea91133327e,4,qkv_projection,finite,1024,,V,1024,8192,1,8388608,8388608,1,0,8388608,
ling_1t/qkv_projection/131072,ling_1t,268f2aa76aa8cf5b36ca33805481cea91133327e,4,qkv_projection,finite,131072,,total,,,,1073741824,83886080,64/5,0,83886080,2147483648
ling_1t/qkv_projection/131072,ling_1t,268f2aa76aa8cf5b36ca33805481cea91133327e,4,qkv_projection,finite,131072,,Q,8192,8192,1,1073741824,67108864,16,0,67108864,
ling_1t/qkv_projection/131072,ling_1t,268f2aa76aa8cf5b36ca33805481cea91133327e,4,qkv_projection,finite,131072,,K,1024,8192,1,1073741824,8388608,128,0,8388608,
ling_1t/qkv_projection/131072,ling_1t,268f2aa76aa8cf5b36ca33805481cea91133327e,4,qkv_projection,finite,131072,,V,1024,8192,1,1073741824,8388608,128,0,8388608,
ling_1t/qkv_projection/1048576,ling_1t,268f2aa76aa8cf5b36ca33805481cea91133327e,4,qkv_projection,finite,1048576,,total,,,,8589934592,83886080,512/5,0,83886080,17179869184
ling_1t/qkv_projection/1048576,ling_1t,268f2aa76aa8cf5b36ca33805481cea91133327e,4,qkv_projection,finite,1048576,,Q,8192,8192,1,8589934592,67108864,128,0,67108864,
ling_1t/qkv_projection/1048576,ling_1t,268f2aa76aa8cf5b36ca33805481cea91133327e,4,qkv_projection,finite,1048576,,K,1024,8192,1,8589934592,8388608,1024,0,8388608,
ling_1t/qkv_projection/1048576,ling_1t,268f2aa76aa8cf5b36ca33805481cea91133327e,4,qkv_projection,finite,1048576,,V,1024,8192,1,8589934592,8388608,1024,0,8388608,
ling_1t/qkv_projection/infinity,ling_1t,268f2aa76aa8cf5b36ca33805481cea91133327e,4,qkv_projection,limit,infinity,,total,,,,infinity,83886080,infinity,0,83886080,infinity
ling_1t/qkv_projection/infinity,ling_1t,268f2aa76aa8cf5b36ca33805481cea91133327e,4,qkv_projection,limit,infinity,,Q,8192,8192,1,infinity,67108864,infinity,0,67108864,
ling_1t/qkv_projection/infinity,ling_1t,268f2aa76aa8cf5b36ca33805481cea91133327e,4,qkv_projection,limit,infinity,,K,1024,8192,1,infinity,8388608,infinity,0,8388608,
ling_1t/qkv_projection/infinity,ling_1t,268f2aa76aa8cf5b36ca33805481cea91133327e,4,qkv_projection,limit,infinity,,V,1024,8192,1,infinity,8388608,infinity,0,8388608,
ling_1t/ffn_or_moe/1,ling_1t,268f2aa76aa8cf5b36ca33805481cea91133327e,4,ffn_or_moe,finite,1,,total,,,,10240,50331648,5/24576,0,50331648,8192
ling_1t/ffn_or_moe/1,ling_1t,268f2aa76aa8cf5b36ca33805481cea91133327e,4,ffn_or_moe,finite,1,,gate,2048,8192,1,8192,16777216,1/2048,0,16777216,
ling_1t/ffn_or_moe/1,ling_1t,268f2aa76aa8cf5b36ca33805481cea91133327e,4,ffn_or_moe,finite,1,,up,2048,8192,1,8192,16777216,1/2048,0,16777216,
ling_1t/ffn_or_moe/1,ling_1t,268f2aa76aa8cf5b36ca33805481cea91133327e,4,ffn_or_moe,finite,1,,down,8192,2048,1,2048,16777216,1/8192,0,16777216,
ling_1t/ffn_or_moe/16,ling_1t,268f2aa76aa8cf5b36ca33805481cea91133327e,4,ffn_or_moe,finite,16,,total,,,,163840,50331648,5/1536,0,50331648,131072
ling_1t/ffn_or_moe/16,ling_1t,268f2aa76aa8cf5b36ca33805481cea91133327e,4,ffn_or_moe,finite,16,,gate,2048,8192,1,131072,16777216,1/128,0,16777216,
ling_1t/ffn_or_moe/16,ling_1t,268f2aa76aa8cf5b36ca33805481cea91133327e,4,ffn_or_moe,finite,16,,up,2048,8192,1,131072,16777216,1/128,0,16777216,
ling_1t/ffn_or_moe/16,ling_1t,268f2aa76aa8cf5b36ca33805481cea91133327e,4,ffn_or_moe,finite,16,,down,8192,2048,1,32768,16777216,1/512,0,16777216,
ling_1t/ffn_or_moe/128,ling_1t,268f2aa76aa8cf5b36ca33805481cea91133327e,4,ffn_or_moe,finite,128,,total,,,,1310720,50331648,5/192,0,50331648,1048576
ling_1t/ffn_or_moe/128,ling_1t,268f2aa76aa8cf5b36ca33805481cea91133327e,4,ffn_or_moe,finite,128,,gate,2048,8192,1,1048576,16777216,1/16,0,16777216,
ling_1t/ffn_or_moe/128,ling_1t,268f2aa76aa8cf5b36ca33805481cea91133327e,4,ffn_or_moe,finite,128,,up,2048,8192,1,1048576,16777216,1/16,0,16777216,
ling_1t/ffn_or_moe/128,ling_1t,268f2aa76aa8cf5b36ca33805481cea91133327e,4,ffn_or_moe,finite,128,,down,8192,2048,1,262144,16777216,1/64,0,16777216,
ling_1t/ffn_or_moe/1024,ling_1t,268f2aa76aa8cf5b36ca33805481cea91133327e,4,ffn_or_moe,finite,1024,,total,,,,10485760,50331648,5/24,0,50331648,8388608
ling_1t/ffn_or_moe/1024,ling_1t,268f2aa76aa8cf5b36ca33805481cea91133327e,4,ffn_or_moe,finite,1024,,gate,2048,8192,1,8388608,16777216,1/2,0,16777216,
ling_1t/ffn_or_moe/1024,ling_1t,268f2aa76aa8cf5b36ca33805481cea91133327e,4,ffn_or_moe,finite,1024,,up,2048,8192,1,8388608,16777216,1/2,0,16777216,
ling_1t/ffn_or_moe/1024,ling_1t,268f2aa76aa8cf5b36ca33805481cea91133327e,4,ffn_or_moe,finite,1024,,down,8192,2048,1,2097152,16777216,1/8,0,16777216,
ling_1t/ffn_or_moe/16384,ling_1t,268f2aa76aa8cf5b36ca33805481cea91133327e,4,ffn_or_moe,finite,16384,,total,,,,167772160,50331648,10/3,0,50331648,134217728
ling_1t/ffn_or_moe/16384,ling_1t,268f2aa76aa8cf5b36ca33805481cea91133327e,4,ffn_or_moe,finite,16384,,gate,2048,8192,1,134217728,16777216,8,0,16777216,
ling_1t/ffn_or_moe/16384,ling_1t,268f2aa76aa8cf5b36ca33805481cea91133327e,4,ffn_or_moe,finite,16384,,up,2048,8192,1,134217728,16777216,8,0,16777216,
ling_1t/ffn_or_moe/16384,ling_1t,268f2aa76aa8cf5b36ca33805481cea91133327e,4,ffn_or_moe,finite,16384,,down,8192,2048,1,33554432,16777216,2,0,16777216,
ling_1t/attention_prefill/1024,ling_1t,268f2aa76aa8cf5b36ca33805481cea91133327e,4,attention_prefill,finite,,1024,total,,,,41975808,2097152,1281/64,0,2097152,0
ling_1t/attention_prefill/1024,ling_1t,268f2aa76aa8cf5b36ca33805481cea91133327e,4,attention_prefill,finite,,1024,QK,1024,128,8,8388608,1048576,8,0,1048576,
ling_1t/attention_prefill/1024,ling_1t,268f2aa76aa8cf5b36ca33805481cea91133327e,4,attention_prefill,finite,,1024,AV,128,1024,8,33587200,1048576,1025/32,0,1048576,
ling_1t/attention_prefill/8192,ling_1t,268f2aa76aa8cf5b36ca33805481cea91133327e,4,attention_prefill,finite,,8192,total,,,,2214854656,16777216,8449/64,0,16777216,0
ling_1t/attention_prefill/8192,ling_1t,268f2aa76aa8cf5b36ca33805481cea91133327e,4,attention_prefill,finite,,8192,QK,8192,128,8,67108864,8388608,8,0,8388608,
ling_1t/attention_prefill/8192,ling_1t,268f2aa76aa8cf5b36ca33805481cea91133327e,4,attention_prefill,finite,,8192,AV,128,8192,8,2147745792,8388608,8193/32,0,8388608,
ling_1t/attention_prefill/65536,ling_1t,268f2aa76aa8cf5b36ca33805481cea91133327e,4,attention_prefill,finite,,65536,total,,,,137977921536,134217728,65793/64,0,134217728,0
ling_1t/attention_prefill/65536,ling_1t,268f2aa76aa8cf5b36ca33805481cea91133327e,4,attention_prefill,finite,,65536,QK,65536,128,8,536870912,67108864,8,0,67108864,
ling_1t/attention_prefill/65536,ling_1t,268f2aa76aa8cf5b36ca33805481cea91133327e,4,attention_prefill,finite,,65536,AV,128,65536,8,137441050624,67108864,65537/32,0,67108864,
ling_1t/attention_decode/1024,ling_1t,268f2aa76aa8cf5b36ca33805481cea91133327e,4,attention_decode,finite,,1024,total,,,,73728,2048,36,2095104,2097152,0
ling_1t/attention_decode/1024,ling_1t,268f2aa76aa8cf5b36ca33805481cea91133327e,4,attention_decode,finite,,1024,QK,1024,128,8,8192,1024,8,1047552,1048576,
ling_1t/attention_decode/1024,ling_1t,268f2aa76aa8cf5b36ca33805481cea91133327e,4,attention_decode,finite,,1024,AV,128,1024,8,65536,1024,64,1047552,1048576,
ling_1t/attention_decode/8192,ling_1t,268f2aa76aa8cf5b36ca33805481cea91133327e,4,attention_decode,finite,,8192,total,,,,532480,2048,260,16775168,16777216,0
ling_1t/attention_decode/8192,ling_1t,268f2aa76aa8cf5b36ca33805481cea91133327e,4,attention_decode,finite,,8192,QK,8192,128,8,8192,1024,8,8387584,8388608,
ling_1t/attention_decode/8192,ling_1t,268f2aa76aa8cf5b36ca33805481cea91133327e,4,attention_decode,finite,,8192,AV,128,8192,8,524288,1024,512,8387584,8388608,
ling_1t/attention_decode/65536,ling_1t,268f2aa76aa8cf5b36ca33805481cea91133327e,4,attention_decode,finite,,65536,total,,,,4202496,2048,2052,134215680,134217728,0
ling_1t/attention_decode/65536,ling_1t,268f2aa76aa8cf5b36ca33805481cea91133327e,4,attention_decode,finite,,65536,QK,65536,128,8,8192,1024,8,67107840,67108864,
ling_1t/attention_decode/65536,ling_1t,268f2aa76aa8cf5b36ca33805481cea91133327e,4,attention_decode,finite,,65536,AV,128,65536,8,4194304,1024,4096,67107840,67108864,
mimo_v25_pro/qkv_projection/1,mimo_v25_pro,21d1ecfecd7bd70f31be25ca49d7edd21f003659,7,qkv_projection,finite,1,,total,,,,6144,166723584,1/27136,0,166723584,12288
mimo_v25_pro/qkv_projection/1,mimo_v25_pro,21d1ecfecd7bd70f31be25ca49d7edd21f003659,7,qkv_projection,finite,1,,Q,24576,6144,1,6144,150994944,1/24576,0,150994944,
mimo_v25_pro/qkv_projection/1,mimo_v25_pro,21d1ecfecd7bd70f31be25ca49d7edd21f003659,7,qkv_projection,finite,1,,K,1536,6144,1,6144,9437184,1/1536,0,9437184,
mimo_v25_pro/qkv_projection/1,mimo_v25_pro,21d1ecfecd7bd70f31be25ca49d7edd21f003659,7,qkv_projection,finite,1,,V,1024,6144,1,6144,6291456,1/1024,0,6291456,
mimo_v25_pro/qkv_projection/1024,mimo_v25_pro,21d1ecfecd7bd70f31be25ca49d7edd21f003659,7,qkv_projection,finite,1024,,total,,,,6291456,166723584,2/53,0,166723584,12582912
mimo_v25_pro/qkv_projection/1024,mimo_v25_pro,21d1ecfecd7bd70f31be25ca49d7edd21f003659,7,qkv_projection,finite,1024,,Q,24576,6144,1,6291456,150994944,1/24,0,150994944,
mimo_v25_pro/qkv_projection/1024,mimo_v25_pro,21d1ecfecd7bd70f31be25ca49d7edd21f003659,7,qkv_projection,finite,1024,,K,1536,6144,1,6291456,9437184,2/3,0,9437184,
mimo_v25_pro/qkv_projection/1024,mimo_v25_pro,21d1ecfecd7bd70f31be25ca49d7edd21f003659,7,qkv_projection,finite,1024,,V,1024,6144,1,6291456,6291456,1,0,6291456,
mimo_v25_pro/qkv_projection/131072,mimo_v25_pro,21d1ecfecd7bd70f31be25ca49d7edd21f003659,7,qkv_projection,finite,131072,,total,,,,805306368,166723584,256/53,0,166723584,1610612736
mimo_v25_pro/qkv_projection/131072,mimo_v25_pro,21d1ecfecd7bd70f31be25ca49d7edd21f003659,7,qkv_projection,finite,131072,,Q,24576,6144,1,805306368,150994944,16/3,0,150994944,
mimo_v25_pro/qkv_projection/131072,mimo_v25_pro,21d1ecfecd7bd70f31be25ca49d7edd21f003659,7,qkv_projection,finite,131072,,K,1536,6144,1,805306368,9437184,256/3,0,9437184,
mimo_v25_pro/qkv_projection/131072,mimo_v25_pro,21d1ecfecd7bd70f31be25ca49d7edd21f003659,7,qkv_projection,finite,131072,,V,1024,6144,1,805306368,6291456,128,0,6291456,
mimo_v25_pro/qkv_projection/1048576,mimo_v25_pro,21d1ecfecd7bd70f31be25ca49d7edd21f003659,7,qkv_projection,finite,1048576,,total,,,,6442450944,166723584,2048/53,0,166723584,12884901888
mimo_v25_pro/qkv_projection/1048576,mimo_v25_pro,21d1ecfecd7bd70f31be25ca49d7edd21f003659,7,qkv_projection,finite,1048576,,Q,24576,6144,1,6442450944,150994944,128/3,0,150994944,
mimo_v25_pro/qkv_projection/1048576,mimo_v25_pro,21d1ecfecd7bd70f31be25ca49d7edd21f003659,7,qkv_projection,finite,1048576,,K,1536,6144,1,6442450944,9437184,2048/3,0,9437184,
mimo_v25_pro/qkv_projection/1048576,mimo_v25_pro,21d1ecfecd7bd70f31be25ca49d7edd21f003659,7,qkv_projection,finite,1048576,,V,1024,6144,1,6442450944,6291456,1024,0,6291456,
mimo_v25_pro/qkv_projection/infinity,mimo_v25_pro,21d1ecfecd7bd70f31be25ca49d7edd21f003659,7,qkv_projection,limit,infinity,,total,,,,infinity,166723584,infinity,0,166723584,infinity
mimo_v25_pro/qkv_projection/infinity,mimo_v25_pro,21d1ecfecd7bd70f31be25ca49d7edd21f003659,7,qkv_projection,limit,infinity,,Q,24576,6144,1,infinity,150994944,infinity,0,150994944,
mimo_v25_pro/qkv_projection/infinity,mimo_v25_pro,21d1ecfecd7bd70f31be25ca49d7edd21f003659,7,qkv_projection,limit,infinity,,K,1536,6144,1,infinity,9437184,infinity,0,9437184,
mimo_v25_pro/qkv_projection/infinity,mimo_v25_pro,21d1ecfecd7bd70f31be25ca49d7edd21f003659,7,qkv_projection,limit,infinity,,V,1024,6144,1,infinity,6291456,infinity,0,6291456,
mimo_v25_pro/ffn_or_moe/1,mimo_v25_pro,21d1ecfecd7bd70f31be25ca49d7edd21f003659,7,ffn_or_moe,finite,1,,total,,,,8192,37748736,1/4608,0,37748736,6144
mimo_v25_pro/ffn_or_moe/1,mimo_v25_pro,21d1ecfecd7bd70f31be25ca49d7edd21f003659,7,ffn_or_moe,finite,1,,gate,2048,6144,1,6144,12582912,1/2048,0,12582912,
mimo_v25_pro/ffn_or_moe/1,mimo_v25_pro,21d1ecfecd7bd70f31be25ca49d7edd21f003659,7,ffn_or_moe,finite,1,,up,2048,6144,1,6144,12582912,1/2048,0,12582912,
mimo_v25_pro/ffn_or_moe/1,mimo_v25_pro,21d1ecfecd7bd70f31be25ca49d7edd21f003659,7,ffn_or_moe,finite,1,,down,6144,2048,1,2048,12582912,1/6144,0,12582912,
mimo_v25_pro/ffn_or_moe/16,mimo_v25_pro,21d1ecfecd7bd70f31be25ca49d7edd21f003659,7,ffn_or_moe,finite,16,,total,,,,131072,37748736,1/288,0,37748736,98304
mimo_v25_pro/ffn_or_moe/16,mimo_v25_pro,21d1ecfecd7bd70f31be25ca49d7edd21f003659,7,ffn_or_moe,finite,16,,gate,2048,6144,1,98304,12582912,1/128,0,12582912,
mimo_v25_pro/ffn_or_moe/16,mimo_v25_pro,21d1ecfecd7bd70f31be25ca49d7edd21f003659,7,ffn_or_moe,finite,16,,up,2048,6144,1,98304,12582912,1/128,0,12582912,
mimo_v25_pro/ffn_or_moe/16,mimo_v25_pro,21d1ecfecd7bd70f31be25ca49d7edd21f003659,7,ffn_or_moe,finite,16,,down,6144,2048,1,32768,12582912,1/384,0,12582912,
mimo_v25_pro/ffn_or_moe/128,mimo_v25_pro,21d1ecfecd7bd70f31be25ca49d7edd21f003659,7,ffn_or_moe,finite,128,,total,,,,1048576,37748736,1/36,0,37748736,786432
mimo_v25_pro/ffn_or_moe/128,mimo_v25_pro,21d1ecfecd7bd70f31be25ca49d7edd21f003659,7,ffn_or_moe,finite,128,,gate,2048,6144,1,786432,12582912,1/16,0,12582912,
mimo_v25_pro/ffn_or_moe/128,mimo_v25_pro,21d1ecfecd7bd70f31be25ca49d7edd21f003659,7,ffn_or_moe,finite,128,,up,2048,6144,1,786432,12582912,1/16,0,12582912,
mimo_v25_pro/ffn_or_moe/128,mimo_v25_pro,21d1ecfecd7bd70f31be25ca49d7edd21f003659,7,ffn_or_moe,finite,128,,down,6144,2048,1,262144,12582912,1/48,0,12582912,
mimo_v25_pro/ffn_or_moe/1024,mimo_v25_pro,21d1ecfecd7bd70f31be25ca49d7edd21f003659,7,ffn_or_moe,finite,1024,,total,,,,8388608,37748736,2/9,0,37748736,6291456
mimo_v25_pro/ffn_or_moe/1024,mimo_v25_pro,21d1ecfecd7bd70f31be25ca49d7edd21f003659,7,ffn_or_moe,finite,1024,,gate,2048,6144,1,6291456,12582912,1/2,0,12582912,
mimo_v25_pro/ffn_or_moe/1024,mimo_v25_pro,21d1ecfecd7bd70f31be25ca49d7edd21f003659,7,ffn_or_moe,finite,1024,,up,2048,6144,1,6291456,12582912,1/2,0,12582912,
mimo_v25_pro/ffn_or_moe/1024,mimo_v25_pro,21d1ecfecd7bd70f31be25ca49d7edd21f003659,7,ffn_or_moe,finite,1024,,down,6144,2048,1,2097152,12582912,1/6,0,12582912,
mimo_v25_pro/ffn_or_moe/16384,mimo_v25_pro,21d1ecfecd7bd70f31be25ca49d7edd21f003659,7,ffn_or_moe,finite,16384,,total,,,,134217728,37748736,32/9,0,37748736,100663296
mimo_v25_pro/ffn_or_moe/16384,mimo_v25_pro,21d1ecfecd7bd70f31be25ca49d7edd21f003659,7,ffn_or_moe,finite,16384,,gate,2048,6144,1,100663296,12582912,8,0,12582912,
mimo_v25_pro/ffn_or_moe/16384,mimo_v25_pro,21d1ecfecd7bd70f31be25ca49d7edd21f003659,7,ffn_or_moe,finite,16384,,up,2048,6144,1,100663296,12582912,8,0,12582912,
mimo_v25_pro/ffn_or_moe/16384,mimo_v25_pro,21d1ecfecd7bd70f31be25ca49d7edd21f003659,7,ffn_or_moe,finite,16384,,down,6144,2048,1,33554432,12582912,8/3,0,12582912,
mimo_v25_pro/attention_prefill/1024,mimo_v25_pro,21d1ecfecd7bd70f31be25ca49d7edd21f003659,7,attention_prefill,finite,,1024,total,,,,92340224,2621440,1409/40,0,2621440,0
mimo_v25_pro/attention_prefill/1024,mimo_v25_pro,21d1ecfecd7bd70f31be25ca49d7edd21f003659,7,attention_prefill,finite,,1024,QK,1024,192,8,25165824,1572864,16,0,1572864,
mimo_v25_pro/attention_prefill/1024,mimo_v25_pro,21d1ecfecd7bd70f31be25ca49d7edd21f003659,7,attention_prefill,finite,,1024,AV,128,1024,8,67174400,1048576,1025/16,0,1048576,
mimo_v25_pro/attention_prefill/8192,mimo_v25_pro,21d1ecfecd7bd70f31be25ca49d7edd21f003659,7,attention_prefill,finite,,8192,total,,,,4496818176,20971520,8577/40,0,20971520,0
mimo_v25_pro/attention_prefill/8192,mimo_v25_pro,21d1ecfecd7bd70f31be25ca49d7edd21f003659,7,attention_prefill,finite,,8192,QK,8192,192,8,201326592,12582912,16,0,12582912,
mimo_v25_pro/attention_prefill/8192,mimo_v25_pro,21d1ecfecd7bd70f31be25ca49d7edd21f003659,7,attention_prefill,finite,,8192,AV,128,8192,8,4295491584,8388608,8193/16,0,8388608,
mimo_v25_pro/attention_prefill/65536,mimo_v25_pro,21d1ecfecd7bd70f31be25ca49d7edd21f003659,7,attention_prefill,finite,,65536,total,,,,276492713984,167772160,65921/40,0,167772160,0
mimo_v25_pro/attention_prefill/65536,mimo_v25_pro,21d1ecfecd7bd70f31be25ca49d7edd21f003659,7,attention_prefill,finite,,65536,QK,65536,192,8,1610612736,100663296,16,0,100663296,
mimo_v25_pro/attention_prefill/65536,mimo_v25_pro,21d1ecfecd7bd70f31be25ca49d7edd21f003659,7,attention_prefill,finite,,65536,AV,128,65536,8,274882101248,67108864,65537/16,0,67108864,
mimo_v25_pro/attention_decode/1024,mimo_v25_pro,21d1ecfecd7bd70f31be25ca49d7edd21f003659,7,attention_decode,finite,,1024,total,,,,155648,2560,304/5,2618880,2621440,0
mimo_v25_pro/attention_decode/1024,mimo_v25_pro,21d1ecfecd7bd70f31be25ca49d7edd21f003659,7,attention_decode,finite,,1024,QK,1024,192,8,24576,1536,16,1571328,1572864,
mimo_v25_pro/attention_decode/1024,mimo_v25_pro,21d1ecfecd7bd70f31be25ca49d7edd21f003659,7,attention_decode,finite,,1024,AV,128,1024,8,131072,1024,128,1047552,1048576,
mimo_v25_pro/attention_decode/8192,mimo_v25_pro,21d1ecfecd7bd70f31be25ca49d7edd21f003659,7,attention_decode,finite,,8192,total,,,,1073152,2560,2096/5,20968960,20971520,0
mimo_v25_pro/attention_decode/8192,mimo_v25_pro,21d1ecfecd7bd70f31be25ca49d7edd21f003659,7,attention_decode,finite,,8192,QK,8192,192,8,24576,1536,16,12581376,12582912,
mimo_v25_pro/attention_decode/8192,mimo_v25_pro,21d1ecfecd7bd70f31be25ca49d7edd21f003659,7,attention_decode,finite,,8192,AV,128,8192,8,1048576,1024,1024,8387584,8388608,
mimo_v25_pro/attention_decode/65536,mimo_v25_pro,21d1ecfecd7bd70f31be25ca49d7edd21f003659,7,attention_decode,finite,,65536,total,,,,8413184,2560,16432/5,167769600,167772160,0
mimo_v25_pro/attention_decode/65536,mimo_v25_pro,21d1ecfecd7bd70f31be25ca49d7edd21f003659,7,attention_decode,finite,,65536,QK,65536,192,8,24576,1536,16,100661760,100663296,
mimo_v25_pro/attention_decode/65536,mimo_v25_pro,21d1ecfecd7bd70f31be25ca49d7edd21f003659,7,attention_decode,finite,,65536,AV,128,65536,8,8388608,1024,8192,67107840,67108864,
