sha	ref
38eedf926fc1a712df3627f36bb82b097ba6b9cb	refs/heads/2DInferenceDCIMV1.0-dev
33372fde523f6400bb0aa8b13ff4b684c4032820	refs/heads/2DInferenceDigitalSystolicArrayV1.0
be76a5ee40442809e970c78bfa77e4ffe09b6f4e	refs/heads/2DInferenceV1.0
cedba7bb9b2c9be1bd4e6e82b7b1b2b127524fd3	refs/heads/2DInferenceV1.1
cffbb478dbfcde309d2d627dc2abe4f7e96f1730	refs/heads/2DInferenceV1.2
6acf55281591e78c65a33bc046889e0ad6e83de9	refs/heads/2DInferenceV1.3
8a88abf85844c0e1ba17cc771ea535fff6040456	refs/heads/2DInferenceV1.4
9825ef40bf14d12a72c99d8e32ff8c499aeddf24	refs/heads/2DInferenceV1.5-dev
28a16706180e792cfafc3e337075f1b4c88b85c6	refs/heads/2DTrainingV2.0
f80a4345f70dcb1ddfd003d3ddcfbd067b55a79a	refs/heads/2DTrainingV2.1
6d2ee9b9b5067c4c8660ad8cd0cbedcab477ba69	refs/heads/3DInferenceV1.0
91b00f31517e65d405a6aaf4e939c159bc3d195f	refs/heads/MLPInferenceV1.0
a0c4ac0f8391027bb83953add53c9dd331e7fe08	refs/heads/MLPInferenceV2.0
6098feabaf17b8209a8edbef4a9c963b5f015132	refs/heads/MLPInferenceV3.0
78cfe3e252d0fd61ba55b776f78b5027a941daa6	refs/heads/main
