row_id,record_id,technology,rho_GB_per_s,tau_GB_per_s,ridge,rho_display,tau_display,ridge_display,source_ids
I-01,hw_sram_acim_jia2022_4b,SRAM / Jia et al.,2.88,,,2.9,—,—,t1_jia2022
I-02,hw_sram_dcim_d6cim2023_u8,SRAM / D6CIM,0.72,,,0.72,—,—,t1_d6cim2023
I-03,hw_dram_ambit2017,DRAM / Ambit,,,,—,—,—,t1_ambit2017
I-04,hw_edram_gaincell_xie2022_8b,Gain-cell eDRAM / Xie,1.35,,,1.4,—,—,t1_gaincell2022
I-05,hw_nand_shim2021_int8,3D NAND / Shim--Yu,,,,—,—,—,t1_nand2021
I-06,hw_nor_guo2017,2D NOR Flash / Guo,,,,—,—,—,t1_nor2017;t1_nor_tuning2016
I-07,hw_rram_neurram2022_4b,RRAM / NeuRRAM,0.01641025641025641,,,0.016,—,—,t1_neurram2022
I-08,hw_mram_jung2022_binary,MRAM / Jung,0.0888,0.0444,2.0,0.089,0.044,2,t1_jung2022
I-09,hw_pcm_hermes64_4phase,PCM / 64-core chip,0.4923076923076923,,,0.49,—,—,t1_pcm64
I-10,hw_feram_c2feram2023,FeRAM / C2FeRAM,,,,—,—,—,t1_c2feram2023
I-11,hw_fenor_zhou2025,3D FeNOR / Zhou 2025,,,,—,—,—,t1_zhou2025
I-12,hw_fenor_zhou2026,Vertical FeFET / Zhou 2026,,,,—,—,—,t1_zhou2026
